name,nui,municipality,status,type,established_year,source
"Salih Buzhala B.I.","811967522","Suharekë","Registered","Individual","2022","https://arbk.atlas-studio.eu/activity/7911/page/1"
"Asllan Networking&Services In Tourism SH.P.K.","812326701","Prizren","Registered","LLC","2025","https://arbk.atlas-studio.eu/activity/7911/page/1"
"MECCA TRAVEL L.L.C.","811967126","Prishtinë","Registered","LLC","2022","https://arbk.atlas-studio.eu/activity/7911/page/1"
"Halim Rudaj B.I.","811435412","Klinë","Registered","Individual","2010","https://arbk.atlas-studio.eu/activity/7911/page/1"
"Vebi Aliji B.I.","811353870","Gjilan","Registered","Individual","2009","https://arbk.atlas-studio.eu/activity/7911/page/1"
"Haxhë Syla B.I.","810212514","Klinë","Registered","Individual","2016","https://arbk.atlas-studio.eu/activity/7911/page/1"
"Jakup Limani B.I.","810625717","Shtime","Registered","Individual","2007","https://arbk.atlas-studio.eu/activity/7911/page/1"
"Reshani AirWays SH.P.K.","812195031","Prizren","Registered","LLC","2024","https://arbk.atlas-studio.eu/activity/7911/page/1"
"Elif Potokçi B.I.","812077453","Prizren","Registered","Individual","2023","https://arbk.atlas-studio.eu/activity/7911/page/1"
"VISA TRAVEL SH.P.K.","811966136","Prishtinë","Registered","LLC","2022","https://arbk.atlas-studio.eu/activity/7911/page/1"
"Bashkim Haxhimehmeti B.I.","810561359","Mitrovicë","Registered","Individual","2012","https://arbk.atlas-studio.eu/activity/7911/page/1"
"Illyrian Airways SH.P.K.","810522210","Prishtinë","Registered","LLC","2006","https://arbk.atlas-studio.eu/activity/7911/page/1"
"Hysen Hajdini B.I.","810370651","Prishtinë","Registered","Individual","2000","https://arbk.atlas-studio.eu/activity/7911/page/1"
"Nomada Travel SH.P.K.","812325670","Prishtinë","Registered","LLC","2025","https://arbk.atlas-studio.eu/activity/7911/page/1"
"Kosum Haziri B.I.","811192525","Gjilan","Registered","Individual","2009","https://arbk.atlas-studio.eu/activity/7911/page/1"
"ViaMekka SH.P.K.","812325084","Prishtinë","Registered","LLC","2025","https://arbk.atlas-studio.eu/activity/7911/page/1"
"KOSOVO HOLIDAYS SH.P.K.","810841248","Prishtinë","Registered","LLC","2014","https://arbk.atlas-studio.eu/activity/7911/page/1"
"Fatmir H. Aliu B.I.","811101758","Viti","Registered","Individual","2013","https://arbk.atlas-studio.eu/activity/7911/page/1"
"ORIENT TRAVEL SH.P.K.","811355454","Prishtinë","Registered","LLC","2019","https://arbk.atlas-studio.eu/activity/7911/page/1"
"AlyaElya Group SH.P.K.","812333657","Prishtinë","Registered","LLC","2025","https://arbk.atlas-studio.eu/activity/7911/page/1"
"TRAVEL ELITE 02 AM SH.P.K.","812333342","Mitrovicë","Registered","LLC","2025","https://arbk.atlas-studio.eu/activity/7911/page/1"
"PRANVERA TOURS SH.P.K.","812085191","Pejë","Registered","LLC","2023","https://arbk.atlas-studio.eu/activity/7911/page/1"
"Flamur Rexhepi B.I.","810204587","Ferizaj","Registered","Individual","2015","https://arbk.atlas-studio.eu/activity/7911/page/1"
"Eleonora Çeku Kryeziu B.I.","810891441","Prishtinë","Registered","Individual","2009","https://arbk.atlas-studio.eu/activity/7911/page/1"
"Kushtrim Re. Hajdari B.I.","812202753","Lipjan","Registered","Individual","2024","https://arbk.atlas-studio.eu/activity/7911/page/1"
"Pranvera Raci B.I.","812084177","Prishtinë","Registered","Individual","2023","https://arbk.atlas-studio.eu/activity/7911/page/1"
"Shkelzen Hasani B.I.","810913188","Prishtinë","Registered","Individual","2011","https://arbk.atlas-studio.eu/activity/7911/page/1"
"Naser S. Osmani B.I.","810348880","Mitrovicë","Registered","Individual","2000","https://arbk.atlas-studio.eu/activity/7911/page/1"
"Munewerah Travel SH.P.K.","812202422","Prishtinë","Registered","LLC","2024","https://arbk.atlas-studio.eu/activity/7911/page/1"
"HI TRAVEL SH.P.K.","810160333","Prishtinë","Registered","LLC","2018","https://arbk.atlas-studio.eu/activity/7911/page/1"
"FLY ON TIME SH.P.K.","811255993","Fushë Kosovë","Registered","LLC","2016","https://arbk.atlas-studio.eu/activity/7911/page/1"
"HIDMA REISEN L.L.C.","812332419","Graçanicë","Registered","LLC","2025","https://arbk.atlas-studio.eu/activity/7911/page/2"
"KARA TOURISM SH.P.K.","812201854","Prishtinë","Registered","LLC","2024","https://arbk.atlas-studio.eu/activity/7911/page/2"
"Air Albatross L.L.C.","811862839","Prishtinë","Registered","LLC","2021","https://arbk.atlas-studio.eu/activity/7911/page/2"
"Ardita Selmani Haxhimehmeti B.I.","811293464","Mitrovicë","Registered","Individual","2003","https://arbk.atlas-studio.eu/activity/7911/page/2"
"RACI AGENCY GROUP SH.P.K.","811862649","Klinë","Registered","LLC","2021","https://arbk.atlas-studio.eu/activity/7911/page/2"
"Eros Idrizaj B.I.","810768096","Pejë","Registered","Individual","2014","https://arbk.atlas-studio.eu/activity/7911/page/2"
"Infinite Flow L.L.C.","812194116","Prishtinë","Registered","LLC","2024","https://arbk.atlas-studio.eu/activity/7911/page/2"
"Bee Connected Group L.L.C.","811965857","Prishtinë","Registered","LLC","2022","https://arbk.atlas-studio.eu/activity/7911/page/2"
"ER TOUR SH.P.K.","811857286","Pejë","Registered","LLC","2021","https://arbk.atlas-studio.eu/activity/7911/page/2"
"Ilaz Beqiri B.I.","810457730","Prishtinë","Registered","Individual","2000","https://arbk.atlas-studio.eu/activity/7911/page/2"
"Florim J. Gecaj B.I.","811322619","Deçan","Registered","Individual","2000","https://arbk.atlas-studio.eu/activity/7911/page/2"
"WillB SH.P.K.","812200319","Kamenicë","Registered","LLC","2024","https://arbk.atlas-studio.eu/activity/7911/page/2"
"Batllava Turist SH.P.K.","812330934","Prishtinë","Registered","LLC","2025","https://arbk.atlas-studio.eu/activity/7911/page/2"
"Sadik Nimanaj B.I.","811517450","Istog","Registered","Individual","2014","https://arbk.atlas-studio.eu/activity/7911/page/2"
"Florime Shaqiri B.I.","811026740","Shtime","Registered","Individual","2012","https://arbk.atlas-studio.eu/activity/7911/page/2"
"Roland Sadriu B.I.","811204453","Gjilan","Registered","Individual","2012","https://arbk.atlas-studio.eu/activity/7911/page/2"
"Traviolla L.L.C.","812080886","Prishtinë","Registered","LLC","2023","https://arbk.atlas-studio.eu/activity/7911/page/2"
"Dan Smajli B.I.","811289190","Pejë","Registered","Individual","2000","https://arbk.atlas-studio.eu/activity/7911/page/2"
"Travel Agency Group SH.P.K.","811861427","Prishtinë","Registered","LLC","2021","https://arbk.atlas-studio.eu/activity/7911/page/2"
"Flo&Dri Travel Agency Store SH.P.K.","811456533","Ferizaj","Registered","LLC","2020","https://arbk.atlas-studio.eu/activity/7911/page/2"
"First Travel Agency SH.P.K.","811456749","Lipjan","Registered","LLC","2020","https://arbk.atlas-studio.eu/activity/7911/page/2"
"CHTRAVEL SH.P.K.","811351486","Prishtinë","Registered","LLC","2019","https://arbk.atlas-studio.eu/activity/7911/page/2"
"Adrian Sadrija B.I.","810880593","Gjakovë","Registered","Individual","2008","https://arbk.atlas-studio.eu/activity/7911/page/2"
"SB Reiseburo Group SH.P.K.","811456244","Prishtinë","Registered","LLC","2020","https://arbk.atlas-studio.eu/activity/7911/page/2"
"Eri Fly SH.P.K.","811350842","Prishtinë","Registered","LLC","2019","https://arbk.atlas-studio.eu/activity/7911/page/2"
"Unique Car SH.P.K.","810056590","Pejë","Registered","LLC","2017","https://arbk.atlas-studio.eu/activity/7911/page/2"
"Besim Dubovci B.I.","810056607","Gllogoc","Registered","Individual","2017","https://arbk.atlas-studio.eu/activity/7911/page/2"
"Besfort Gashi B.I.","810762733","Pejë","Registered","Individual","2012","https://arbk.atlas-studio.eu/activity/7911/page/2"
"Ardian Tahiri B.I.","810631110","Prizren","Registered","Individual","2004","https://arbk.atlas-studio.eu/activity/7911/page/2"
"POSH TRAVEL SH.P.K.","812197350","Prishtinë","Registered","LLC","2024","https://arbk.atlas-studio.eu/activity/7911/page/2"
"Elidon Bytyqi B.I.","812079558","Prishtinë","Registered","Individual","2023","https://arbk.atlas-studio.eu/activity/7911/page/2"
"BCD TRAVEL SH.P.K.","811350561","Prishtinë","Registered","LLC","2019","https://arbk.atlas-studio.eu/activity/7911/page/3"
"All in ticket SH.P.K.","812323963","Prishtinë","Registered","LLC","2025","https://arbk.atlas-studio.eu/activity/7911/page/3"
"Igballe Dakaj B.I.","810989767","Prizren","Registered","Individual","2011","https://arbk.atlas-studio.eu/activity/7911/page/3"
"ITravel SH.P.K.","810055774","Prishtinë","Registered","LLC","2017","https://arbk.atlas-studio.eu/activity/7911/page/3"
"Endrit Shatri B.I.","811228156","Istog","Registered","Individual","2012","https://arbk.atlas-studio.eu/activity/7911/page/3"
"Blue Travel BA SH.P.K.","812327254","Fushë Kosovë","Registered","LLC","2025","https://arbk.atlas-studio.eu/activity/7911/page/3"
"STAR TOURS KS SH.P.K.","812196386","Prizren","Registered","LLC","2024","https://arbk.atlas-studio.eu/activity/7911/page/3"
"Laura Jasiqi B.I.","812187278","Gjakovë","Registered","Individual","2024","https://arbk.atlas-studio.eu/activity/7911/page/3"
"Nermin Krasniqi B.I.","811003607","Prizren","Registered","Individual","2014","https://arbk.atlas-studio.eu/activity/7911/page/3"
"Lulzim Vladi B.I.","811073519","Ferizaj","Registered","Individual","2012","https://arbk.atlas-studio.eu/activity/7911/page/3"
"Muharem Sh. Morina B.I.","810533556","Rahovec","Registered","Individual","2007","https://arbk.atlas-studio.eu/activity/7911/page/3"
"ReiseburO-Prishtina SH.P.K.","811746710","Prishtinë","Registered","LLC","2003","https://arbk.atlas-studio.eu/activity/7911/page/3"
"Armend Zhitija B.I.","810469339","Podujevë","Registered","Individual","2001","https://arbk.atlas-studio.eu/activity/7911/page/3"
"Ardian Gojani B.I.","810221101","Gjakovë","Registered","Individual","2000","https://arbk.atlas-studio.eu/activity/7911/page/3"
"Kapllan V. Krasniqi B.I.","811307637","Rahovec","Registered","Individual","2000","https://arbk.atlas-studio.eu/activity/7911/page/3"
"Stevan Sovrlić I.B.","812451607","Mitrovicë Veriore","New Registered","Individual","","https://arbk.atlas-studio.eu/activity/7911/page/3"
"OdysseyVoyage L.L.C.","812185941","Prishtinë","Registered","LLC","2024","https://arbk.atlas-studio.eu/activity/7911/page/3"
"Daily Tours Group SH.P.K.","812450956","Prishtinë","New Registered","LLC","","https://arbk.atlas-studio.eu/activity/7911/page/3"
"Luna Travel RB SH.P.K.","812185909","Suharekë","Registered","LLC","2024","https://arbk.atlas-studio.eu/activity/7911/page/3"
"Shefki Shatri B.I.","810985616","Prizren","Registered","Individual","2010","https://arbk.atlas-studio.eu/activity/7911/page/3"
"NIL TRAVEL SH.P.K.","811849605","Pejë","Registered","LLC","2021","https://arbk.atlas-studio.eu/activity/7911/page/3"
"Mahmut Thaqi B.I.","810981474","Prizren","Registered","Individual","2009","https://arbk.atlas-studio.eu/activity/7911/page/3"
"Ismet M. Braha B.I.","811307182","Ferizaj","Registered","Individual","2012","https://arbk.atlas-studio.eu/activity/7911/page/3"
"Asllan Qerimi B.I.","810260688","Gjilan","Registered","Individual","2000","https://arbk.atlas-studio.eu/activity/7911/page/3"
"Valon Berisha B.I.","810310467","Klinë","Registered","Individual","2000","https://arbk.atlas-studio.eu/activity/7911/page/4"
"DI PASSIO TOUR SH.P.K.","811451202","Prizren","Registered","LLC","2020","https://arbk.atlas-studio.eu/activity/7911/page/4"
"Kosova Air Tickets Group SH.P.K.","812193473","Podujevë","Registered","LLC","2024","https://arbk.atlas-studio.eu/activity/7911/page/4"
"Islam Ukaj B.I.","810575409","Prizren","Registered","Individual","2000","https://arbk.atlas-studio.eu/activity/7911/page/4"
"Roland Idrizaj B.I.","810765513","Pejë","Registered","Individual","2013","https://arbk.atlas-studio.eu/activity/7911/page/4"
"AIRINA SH.P.K.","811855735","Fushë Kosovë","Registered","LLC","2021","https://arbk.atlas-studio.eu/activity/7911/page/4"
"Halit Demiri B.I.","810488214","Prishtinë","Registered","Individual","2003","https://arbk.atlas-studio.eu/activity/7911/page/4"
"ADRIA TOURS SH.P.K.","811343665","Prishtinë","Registered","LLC","2019","https://arbk.atlas-studio.eu/activity/7911/page/4"
"Blerim Hasaj B.I.","810478447","Prishtinë","Registered","Individual","2002","https://arbk.atlas-studio.eu/activity/7911/page/4"
"Eljasaj Kelmendi B.I.","810703951","Malishevë","Registered","Individual","2000","https://arbk.atlas-studio.eu/activity/7911/page/4"
"Hashim Vitija B.I.","810370669","Lipjan","Registered","Individual","2000","https://arbk.atlas-studio.eu/activity/7911/page/4"
"SAR HOLIDAY AGENCY SH.P.K.","812320810","Gjilan","Registered","LLC","2025","https://arbk.atlas-studio.eu/activity/7911/page/4"
"ANË E MBANË SH.P.K.","812320969","Prishtinë","Registered","LLC","2025","https://arbk.atlas-studio.eu/activity/7911/page/4"
"ALBANORI FLY SH.P.K.","810150178","Pejë","Registered","LLC","2018","https://arbk.atlas-studio.eu/activity/7911/page/4"
"Pay&Go Agency SH.P.K.","812320670","Ferizaj","Registered","LLC","2025","https://arbk.atlas-studio.eu/activity/7911/page/4"
"JOY TRAVEL L.L.C.","812072437","Prishtinë","Registered","LLC","2023","https://arbk.atlas-studio.eu/activity/7911/page/4"
"Odyssey Agency SH.P.K.","812072255","Gjilan","Registered","LLC","2023","https://arbk.atlas-studio.eu/activity/7911/page/4"
"tiketaks SH.P.K.","812072172","Prishtinë","Registered","LLC","2023","https://arbk.atlas-studio.eu/activity/7911/page/4"
"iLLYRIAN AIR TRAVEL SH.P.K.","811448663","Ferizaj","Registered","LLC","2020","https://arbk.atlas-studio.eu/activity/7911/page/4"
"Selatin Kaçaniku B.I.","810348591","Mitrovicë","Registered","Individual","2000","https://arbk.atlas-studio.eu/activity/7911/page/4"
"LEA V Union SH.P.K.","811853911","Graçanicë","Registered","LLC","2021","https://arbk.atlas-studio.eu/activity/7911/page/4"
"Mehmed N. Nuhijaj B.I.","811291616","Prizren","Registered","Individual","2015","https://arbk.atlas-studio.eu/activity/7911/page/4"
"Blerim Bajgora B.I.","810879653","Prishtinë","Registered","Individual","2008","https://arbk.atlas-studio.eu/activity/7911/page/5"
"M&L Corporation L.L.C.","812319582","Prishtinë","Registered","LLC","2025","https://arbk.atlas-studio.eu/activity/7911/page/5"
"YOU JOIN TRAVEL SH.P.K.","811963083","Prishtinë","Registered","LLC","2022","https://arbk.atlas-studio.eu/activity/7911/page/5"
"KOZI L.L.C.","811963075","Prishtinë","Registered","LLC","2022","https://arbk.atlas-studio.eu/activity/7911/page/5"
"Agjensioni Turistik Martini V SH.P.K.","811853268","Gjakovë","Registered","LLC","2021","https://arbk.atlas-studio.eu/activity/7911/page/5"
"3N Travel SH.P.K.","811853052","Prishtinë","Registered","LLC","2021","https://arbk.atlas-studio.eu/activity/7911/page/5"
"NEXT TRAVEL SH.P.K.","811447011","Prishtinë","Registered","LLC","2020","https://arbk.atlas-studio.eu/activity/7911/page/5"
"Feriz Osmanaj B.I.","810401159","Pejë","Registered","Individual","2000","https://arbk.atlas-studio.eu/activity/7911/page/5"
"Nexhmedin Brahimi B.I.","810561193","Mitrovicë","Registered","Individual","2012","https://arbk.atlas-studio.eu/activity/7911/page/5"
"Nezir M. Berisha B.I.","810402032","Pejë","Registered","Individual","2000","https://arbk.atlas-studio.eu/activity/7911/page/5"
"Gafurr Bytyqi B.I.","811446112","Lipjan","Registered","Individual","2020","https://arbk.atlas-studio.eu/activity/7911/page/5"
"Alma Syla B.I.","811146712","Gjakovë","Registered","Individual","2015","https://arbk.atlas-studio.eu/activity/7911/page/5"
"Top Travel Trip L.L.C.","811957838","Prishtinë","Registered","LLC","2022","https://arbk.atlas-studio.eu/activity/7911/page/5"
"Agjencia Turistike ''Al Yakout'' SH.P.K.","812316869","Fushë Kosovë","Registered","LLC","2025","https://arbk.atlas-studio.eu/activity/7911/page/5"
"Mjellma Travel SH.P.K.","810879330","Prishtinë","Registered","LLC","2008","https://arbk.atlas-studio.eu/activity/7911/page/5"
"FLEXI TRAVEL SH.P.K.","811960823","Prishtinë","Registered","LLC","2022","https://arbk.atlas-studio.eu/activity/7911/page/5"
"Medine Smajli B.I.","810889933","Prishtinë","Registered","Individual","2009","https://arbk.atlas-studio.eu/activity/7911/page/5"
"Zoja Prenaj B.I.","810310326","Klinë","Registered","Individual","2000","https://arbk.atlas-studio.eu/activity/7911/page/5"
"Ardian Racaj B.I.","810310334","Klinë","Registered","Individual","2000","https://arbk.atlas-studio.eu/activity/7911/page/5"
"Xhevahire Zeqiraj B.I.","810477465","Prishtinë","Registered","Individual","2002","https://arbk.atlas-studio.eu/activity/7911/page/5"
"Noro Tourist SH.P.K.","812437029","Prishtinë","New Registered","LLC","","https://arbk.atlas-studio.eu/activity/7911/page/5"
"Exclusive Trade SH.P.K.","811435991","Ferizaj","Registered","LLC","2020","https://arbk.atlas-studio.eu/activity/7911/page/5"
"Besnik Av. Krasniqi B.I.","810889024","Prishtinë","Registered","Individual","2009","https://arbk.atlas-studio.eu/activity/7911/page/5"
"GSA Aviation SH.P.K.","812302751","Prishtinë","Registered","LLC","2025","https://arbk.atlas-studio.eu/activity/7911/page/5"
"TOP TIKETA SH.P.K.","812302545","Lipjan","Registered","LLC","2025","https://arbk.atlas-studio.eu/activity/7911/page/5"
"Polaris Star Travel SH.P.K.","811948217","Prishtinë","Registered","LLC","2022","https://arbk.atlas-studio.eu/activity/7911/page/5"
"Infinity Travel Agency SH.P.K.","811588782","Prishtinë","Registered","LLC","2021","https://arbk.atlas-studio.eu/activity/7911/page/5"
"CAFFE TE FATONI S SH.P.K.","811435066","Pejë","Registered","LLC","2020","https://arbk.atlas-studio.eu/activity/7911/page/5"
"ASJA TRAVEL SH.P.K.","812435057","Fushë Kosovë","New Registered","LLC","","https://arbk.atlas-studio.eu/activity/7911/page/5"
"TIKETA TRAVEL FB 26 SH.P.K.","812435453","Ferizaj","New Registered","LLC","","https://arbk.atlas-studio.eu/activity/7911/page/5"
"Leo Travel Agency SH.P.K.","812059097","Kaçanik","Registered","LLC","2023","https://arbk.atlas-studio.eu/activity/7911/page/5"
"Kaizen Group L.L.C.","811587867","Prishtinë","Registered","LLC","2021","https://arbk.atlas-studio.eu/activity/7911/page/5"
"Maliq Behluli B.I.","811036244","Suharekë","Registered","Individual","2009","https://arbk.atlas-studio.eu/activity/7911/page/5"
"Taib Zeqa B.I.","810624818","Shtime","Registered","Individual","2005","https://arbk.atlas-studio.eu/activity/7911/page/5"
"ONE PLANET TRAVEL AND EVENTS L.L.C.","812058354","Ferizaj","Registered","LLC","2023","https://arbk.atlas-studio.eu/activity/7911/page/5"
"FLYAWAY SH.P.K.","812057926","Ferizaj","Registered","LLC","2023","https://arbk.atlas-studio.eu/activity/7911/page/6"
"Mergim Rudi B.I.","811155507","Malishevë","Registered","Individual","2013","https://arbk.atlas-studio.eu/activity/7911/page/6"
"Nerimane Ejupi B.I.","810449836","Prishtinë","Registered","Individual","2000","https://arbk.atlas-studio.eu/activity/7911/page/6"
"Rifat Morina B.I.","811355024","Klinë","Registered","Individual","2000","https://arbk.atlas-studio.eu/activity/7911/page/6"
"QENDRA TRAVEL SH.P.K.","812434869","Gjilan","New Registered","LLC","","https://arbk.atlas-studio.eu/activity/7911/page/6"
"STINA REISEN SH.P.K.","812301539","Prishtinë","Registered","LLC","2025","https://arbk.atlas-studio.eu/activity/7911/page/6"
"WOW TRAVEL L.L.C.","812175447","Prishtinë","Registered","LLC","2024","https://arbk.atlas-studio.eu/activity/7911/page/6"
"Blue Travel Kosova SH.P.K.","811434208","Prishtinë","Registered","LLC","2020","https://arbk.atlas-studio.eu/activity/7911/page/6"
"GO Travel SH.P.K.","810137936","Prishtinë","Registered","LLC","2018","https://arbk.atlas-studio.eu/activity/7911/page/6"
"MCM TRAVEL SH.P.K.","810850299","Prishtinë","Registered","LLC","2015","https://arbk.atlas-studio.eu/activity/7911/page/6"
"MJALTA TRAVEL SH.P.K.","812449123","Pejë","New Registered","LLC","","https://arbk.atlas-studio.eu/activity/7911/page/6"
"GETI TRAVEL SH.P.K.","812449115","Gllogoc","New Registered","LLC","","https://arbk.atlas-studio.eu/activity/7911/page/6"
"Wandera Group L.L.C.","812448935","Kaçanik","New Registered","LLC","","https://arbk.atlas-studio.eu/activity/7911/page/6"
"Hemna Travel L.L.C.","812312734","Prizren","Registered","LLC","2025","https://arbk.atlas-studio.eu/activity/7911/page/6"
"Gertë Ulluri B.I.","810951188","Prishtinë","Registered","Individual","2015","https://arbk.atlas-studio.eu/activity/7911/page/6"
"Milazim Zeqiraj B.I.","811279167","Prishtinë","Registered","Individual","2000","https://arbk.atlas-studio.eu/activity/7911/page/6"
"Bekim Ba. Bytyqi B.I.","811003475","Prizren","Registered","Individual","2014","https://arbk.atlas-studio.eu/activity/7911/page/6"
"Isuf Mushica B.I.","811956369","Gjilan","Registered","Individual","2022","https://arbk.atlas-studio.eu/activity/7911/page/6"
"Selo - Tours SH.P.K.","810509408","Prishtinë","Registered","LLC","2005","https://arbk.atlas-studio.eu/activity/7911/page/6"
"Kosova -Turizëm SH.P.K.","810642092","Ferizaj","Registered","LLC","2000","https://arbk.atlas-studio.eu/activity/7911/page/6"
"PACT TRAVEL L.L.C.","812446088","Prishtinë","New Registered","LLC","","https://arbk.atlas-studio.eu/activity/7911/page/6"
"AirKosova Group SH.P.K.","811848029","Prishtinë","Registered","LLC","2021","https://arbk.atlas-studio.eu/activity/7911/page/6"
"Ismet Braha B.I.","810575681","Prizren","Registered","Individual","2000","https://arbk.atlas-studio.eu/activity/7911/page/6"
"Fast Ticket Aldin SH.P.K.","812182921","Prishtinë","Registered","LLC","2024","https://arbk.atlas-studio.eu/activity/7911/page/6"
"Avion Tiketa SH.P.K.","812182773","Podujevë","Registered","LLC","2024","https://arbk.atlas-studio.eu/activity/7911/page/6"
"Red Lines Travel SH.P.K.","811954701","Prizren","Registered","LLC","2022","https://arbk.atlas-studio.eu/activity/7911/page/6"
"Samir Mehmeti B.I.","811530775","Gjilan","Registered","Individual","2004","https://arbk.atlas-studio.eu/activity/7911/page/6"
"Flyon Airlines L.L.C.","812310978","Prishtinë","Registered","LLC","2025","https://arbk.atlas-studio.eu/activity/7911/page/6"
"Fatmir Hoxha B.I.","810621624","Ferizaj","Registered","Individual","2000","https://arbk.atlas-studio.eu/activity/7911/page/6"
"Fadil Ma. Krasniqi B.I.","811301374","Vushtrri","Registered","Individual","2000","https://arbk.atlas-studio.eu/activity/7911/page/6"
"Last Star Company L.L.C.","812181866","Fushë Kosovë","Registered","LLC","2024","https://arbk.atlas-studio.eu/activity/7911/page/6"
"eTravel bg L.L.C.","812181824","Prishtinë","Registered","LLC","2024","https://arbk.atlas-studio.eu/activity/7911/page/6"
"Agjencioni Turistik Qunaku Travel SH.P.K.","811335224","Prishtinë","Registered","LLC","2019","https://arbk.atlas-studio.eu/activity/7911/page/6"
"Arijeta Ostrozubi B.I.","810575433","Prizren","Registered","Individual","2000","https://arbk.atlas-studio.eu/activity/7911/page/6"
"A TO XYZ SH.P.K.","812444983","Prishtinë","New Registered","LLC","","https://arbk.atlas-studio.eu/activity/7911/page/6"
"Ozcan Sevinc B.I.","812444313","Prizren","New Registered","Individual","","https://arbk.atlas-studio.eu/activity/7911/page/7"
"Kaltrinë Mazreku B.I.","812181080","Malishevë","Registered","Individual","2024","https://arbk.atlas-studio.eu/activity/7911/page/7"
"Valon N. Osmani B.I.","811953357","Fushë Kosovë","Registered","Individual","2022","https://arbk.atlas-studio.eu/activity/7911/page/7"
"Arcobus Travel SH.P.K.","810793233","Prishtinë","Registered","LLC","2008","https://arbk.atlas-studio.eu/activity/7911/page/7"
"Ylber Syla B.I.","810227381","Gjakovë","Registered","Individual","2001","https://arbk.atlas-studio.eu/activity/7911/page/7"
"Seha Global L.L.C.","812443589","Prishtinë","New Registered","LLC","","https://arbk.atlas-studio.eu/activity/7911/page/7"
"Sense Travel SH.P.K.","812308634","Gjilan","Registered","LLC","2025","https://arbk.atlas-studio.eu/activity/7911/page/7"
"Best - Travel SH.P.K.","810865446","Prishtinë","Registered","LLC","2016","https://arbk.atlas-studio.eu/activity/7911/page/7"
"Almakos -Group SH.P.K.","810798481","Prishtinë","Registered","LLC","2009","https://arbk.atlas-studio.eu/activity/7911/page/7"
"Mergim R. Gashi B.I.","812181006","Prizren","Registered","Individual","2024","https://arbk.atlas-studio.eu/activity/7911/page/7"
"Luxury Gizi Travel L.L.C.","811952309","Prishtinë","Registered","LLC","2022","https://arbk.atlas-studio.eu/activity/7911/page/7"
"SAYTUR B.I.","811831818","Ferizaj","Registered","Individual","2013","https://arbk.atlas-studio.eu/activity/7911/page/7"
"Afrim Zogaj B.I.","810248014","Gllogoc","Registered","Individual","2000","https://arbk.atlas-studio.eu/activity/7911/page/7"
"Tiketora L.L.C.","812308436","Prishtinë","Registered","LLC","2025","https://arbk.atlas-studio.eu/activity/7911/page/7"
"Travel Atls Pika 4 L.L.C.","812063345","Kaçanik","Registered","LLC","2023","https://arbk.atlas-studio.eu/activity/7911/page/7"
"Diti Travel SH.P.K.","811951517","Podujevë","Registered","LLC","2022","https://arbk.atlas-studio.eu/activity/7911/page/7"
"Agjensioni Turistik Niti Travel SH.P.K.","811951509","Gllogoc","Registered","LLC","2022","https://arbk.atlas-studio.eu/activity/7911/page/7"
"Fatmir Dërvishi B.I.","810678964","Viti","Registered","Individual","2006","https://arbk.atlas-studio.eu/activity/7911/page/7"
"Globegate SH.P.K.","812442698","Prishtinë","New Registered","LLC","","https://arbk.atlas-studio.eu/activity/7911/page/7"
"AmB Travel Consulting SH.P.K.","812442557","Suharekë","New Registered","LLC","","https://arbk.atlas-studio.eu/activity/7911/page/7"
"Adriana Salla B.I.","811304485","Prishtinë","Registered","Individual","2009","https://arbk.atlas-studio.eu/activity/7911/page/7"
"DFV Company L.L.C.","811438060","Ferizaj","Registered","LLC","2020","https://arbk.atlas-studio.eu/activity/7911/page/7"
"Shkumbin Spahija B.I.","812440436","Prizren","New Registered","Individual","","https://arbk.atlas-studio.eu/activity/7911/page/7"
"BAKI TRAVEL SH.P.K.","811437533","Pejë","Registered","LLC","2020","https://arbk.atlas-studio.eu/activity/7911/page/7"
"ESED SH.P.K.","810040121","Rahovec","Registered","LLC","2017","https://arbk.atlas-studio.eu/activity/7911/page/7"
"Agjensia DUA TOURIST SH.P.K.","810865131","Prizren","Registered","LLC","2016","https://arbk.atlas-studio.eu/activity/7911/page/7"
"Driton Hamitaga B.I.","811949679","Suharekë","Registered","Individual","2022","https://arbk.atlas-studio.eu/activity/7911/page/7"
"FTONI SHOP SH.P.K.","811949009","Gjilan","Registered","LLC","2022","https://arbk.atlas-studio.eu/activity/7911/page/7"
"FLYTRAVEL017 SH.P.K.","811331412","Gjilan","Registered","LLC","2019","https://arbk.atlas-studio.eu/activity/7911/page/7"
"Albulena Nuredini B.I.","811331157","Kamenicë","Registered","Individual","2019","https://arbk.atlas-studio.eu/activity/7911/page/7"
"Airoplani L.L.C.","812433639","Gjilan","New Registered","LLC","","https://arbk.atlas-studio.eu/activity/7911/page/7"
"Mergime Hajredini B.I.","812300250","Gjakovë","Registered","Individual","2025","https://arbk.atlas-studio.eu/activity/7911/page/7"
"AT Eurotours L.L.C.","811330729","Ferizaj","Registered","LLC","2019","https://arbk.atlas-studio.eu/activity/7911/page/7"
"Max Travel L.L.C.","810864901","Prishtinë","Registered","LLC","2016","https://arbk.atlas-studio.eu/activity/7911/page/7"
"Neki Krasniqi B.I.","810998833","Prizren","Registered","Individual","2013","https://arbk.atlas-studio.eu/activity/7911/page/7"
"Fatmir Elmazi B.I.","810641721","Ferizaj","Registered","Individual","2000","https://arbk.atlas-studio.eu/activity/7911/page/8"
"Dorisa Zymeraj B.I.","812059849","Prizren","Registered","Individual","2023","https://arbk.atlas-studio.eu/activity/7911/page/8"
"FLY FAST SH.P.K.","810039091","Prishtinë","Registered","LLC","2017","https://arbk.atlas-studio.eu/activity/7911/page/8"
"Shaban Latifi B.I.","810203919","Mitrovicë","Registered","Individual","2015","https://arbk.atlas-studio.eu/activity/7911/page/8"
"Endrit Kqiku B.I.","811939894","Gjilan","Registered","Individual","2022","https://arbk.atlas-studio.eu/activity/7911/page/8"
"ITER TRAVEL SH.P.K.","811939589","Gjilan","Registered","LLC","2022","https://arbk.atlas-studio.eu/activity/7911/page/8"
"All Travelks SH.P.K.","811579088","Prishtinë","Registered","LLC","2021","https://arbk.atlas-studio.eu/activity/7911/page/8"
"Butrint Kyqyku B.I.","811277393","Kaçanik","Registered","Individual","2015","https://arbk.atlas-studio.eu/activity/7911/page/8"
"Bekim H. Kabashi B.I.","811330943","Skenderaj","Registered","Individual","2004","https://arbk.atlas-studio.eu/activity/7911/page/8"
"Rexhep Haziri B.I.","810369646","Lipjan","Registered","Individual","2000","https://arbk.atlas-studio.eu/activity/7911/page/8"
"Air Prestige SH.P.K.","810131863","Pejë","Registered","LLC","2018","https://arbk.atlas-studio.eu/activity/7911/page/8"
"Kreshnik Y. Morina B.I.","811148784","Gjakovë","Registered","Individual","2016","https://arbk.atlas-studio.eu/activity/7911/page/8"
"Travel Star SH.P.K.","811938341","Mitrovicë","Registered","LLC","2022","https://arbk.atlas-studio.eu/activity/7911/page/8"
"PIKA TRAVEL AGENCY SH.P.K.","811938771","Ferizaj","Registered","LLC","2022","https://arbk.atlas-studio.eu/activity/7911/page/8"
"Star Agency SH.P.K.","811316638","Gjilan","Registered","LLC","2019","https://arbk.atlas-studio.eu/activity/7911/page/8"
"Kujtim Nikqi B.I.","810398447","Pejë","Registered","Individual","2000","https://arbk.atlas-studio.eu/activity/7911/page/8"
"AL RASHED L.L.C.","812290906","Lipjan","Registered","LLC","2025","https://arbk.atlas-studio.eu/activity/7911/page/8"
"ELIZA TOURS L.L.C.","812291045","Prizren","Registered","LLC","2025","https://arbk.atlas-studio.eu/activity/7911/page/8"
"Euro Reiseburo SH.P.K.","811316125","Pejë","Registered","LLC","2019","https://arbk.atlas-studio.eu/activity/7911/page/8"
"Faton Cakolli B.I.","811304740","Prishtinë","Registered","Individual","2013","https://arbk.atlas-studio.eu/activity/7911/page/8"
"3E Destination Travel SH.P.K.","812290386","Prishtinë","Registered","LLC","2025","https://arbk.atlas-studio.eu/activity/7911/page/8"
"Mustafë Shatri B.I.","810767569","Pejë","Registered","Individual","2014","https://arbk.atlas-studio.eu/activity/7911/page/8"
"EU TRAVEL SH.P.K.","811577206","Prishtinë","Registered","LLC","2021","https://arbk.atlas-studio.eu/activity/7911/page/8"
"EKH & Co SH.P.K.","811424457","Podujevë","Registered","LLC","2020","https://arbk.atlas-studio.eu/activity/7911/page/8"
"Burim I. Hoti B.I.","811151547","Malishevë","Registered","Individual","2008","https://arbk.atlas-studio.eu/activity/7911/page/8"
"MJELLMA REZERVO24 SH.P.K.","812300002","Prishtinë","Registered","LLC","2025","https://arbk.atlas-studio.eu/activity/7911/page/8"
"infinit abi travel & tours SH.P.K.","811433169","Prishtinë","Registered","LLC","2020","https://arbk.atlas-studio.eu/activity/7911/page/8"
"Katana holidays SH.P.K.","812432425","Gjilan","New Registered","LLC","","https://arbk.atlas-studio.eu/activity/7911/page/8"
"UNISA SH.P.K.","810137473","Prishtinë","Registered","LLC","2018","https://arbk.atlas-studio.eu/activity/7911/page/8"
"Fikrije Kalludra B.I.","810553918","Mitrovicë","Registered","Individual","2009","https://arbk.atlas-studio.eu/activity/7911/page/8"
"Asllan Beka B.I.","810325953","Fushë Kosovë","Registered","Individual","2005","https://arbk.atlas-studio.eu/activity/7911/page/8"
"Adelina Abdurahmani B.I.","812298611","Prizren","Registered","Individual","2025","https://arbk.atlas-studio.eu/activity/7911/page/8"
"ROZZA & A Travel SH.P.K.","812172302","Fushë Kosovë","Registered","LLC","2024","https://arbk.atlas-studio.eu/activity/7911/page/9"
"Milaim B. Qorri B.I.","811352319","Gllogoc","Registered","Individual","2011","https://arbk.atlas-studio.eu/activity/7911/page/9"
"Muharrem Lajçi B.I.","810399453","Pejë","Registered","Individual","2000","https://arbk.atlas-studio.eu/activity/7911/page/9"
"Ihram Tourism L.L.C.","812429258","Prishtinë","New Registered","LLC","","https://arbk.atlas-studio.eu/activity/7911/page/9"
"Let's Travel SH.P.K.","812055277","Viti","Registered","LLC","2023","https://arbk.atlas-studio.eu/activity/7911/page/9"
"KOSOVO TURISM GROUP SH.P.K.","810798118","Prishtinë","Registered","LLC","2009","https://arbk.atlas-studio.eu/activity/7911/page/9"
"Lulzim Efendiu B.I.","810221911","Gjakovë","Registered","Individual","2000","https://arbk.atlas-studio.eu/activity/7911/page/9"
"Hasan Idrizaj B.I.","810398934","Pejë","Registered","Individual","2000","https://arbk.atlas-studio.eu/activity/7911/page/9"
"Selectum Travel SH.P.K.","812424117","Prishtinë","New Registered","LLC","","https://arbk.atlas-studio.eu/activity/7911/page/9"
"RIXOS TRAVEL L.L.C.","812289107","Prishtinë","Registered","LLC","2025","https://arbk.atlas-studio.eu/activity/7911/page/9"
"Bekim K. Musliu B.I.","811191725","Gjilan","Registered","Individual","2009","https://arbk.atlas-studio.eu/activity/7911/page/9"
"Jetmir Lubovci B.I.","811582205","Suharekë","Registered","Individual","2021","https://arbk.atlas-studio.eu/activity/7911/page/9"
"SEE TRAVEL 2003 SH.P.K.","812295120","Ferizaj","Registered","LLC","2025","https://arbk.atlas-studio.eu/activity/7911/page/9"
"Ori Travel L.L.C.","811582015","Viti","Registered","LLC","2021","https://arbk.atlas-studio.eu/activity/7911/page/9"
"Nurije Krasniqi B.I.","811581968","Malishevë","Registered","Individual","2021","https://arbk.atlas-studio.eu/activity/7911/page/9"
"NAR Travel SH.P.K.","811581950","Mitrovicë","Registered","LLC","2021","https://arbk.atlas-studio.eu/activity/7911/page/9"
"Beqë Hadergjonaj B.I.","810214304","Deçan","Registered","Individual","2000","https://arbk.atlas-studio.eu/activity/7911/page/9"
"Sali Dragidella B.I.","810310160","Klinë","Registered","Individual","2000","https://arbk.atlas-studio.eu/activity/7911/page/9"
"Elvis Riza B.I.","811007477","Prizren","Registered","Individual","2015","https://arbk.atlas-studio.eu/activity/7911/page/9"
"Esat Kastrati B.I.","810399049","Pejë","Registered","Individual","2000","https://arbk.atlas-studio.eu/activity/7911/page/9"
"Breathe In Travel Group SH.P.K.","811319781","Prishtinë","Registered","LLC","2019","https://arbk.atlas-studio.eu/activity/7911/page/10"
"N&D Fly Travel SH.P.K.","812293687","Fushë Kosovë","Registered","LLC","2025","https://arbk.atlas-studio.eu/activity/7911/page/10"
"Euro Fly Travel SH.P.K.","812048074","Mitrovicë","Registered","LLC","2023","https://arbk.atlas-studio.eu/activity/7911/page/10"
"SkyPrishtina SH.P.K.","811423722","Prishtinë","Registered","LLC","2020","https://arbk.atlas-studio.eu/activity/7911/page/10"
"Islam H. Gërguri B.I.","811427485","Pejë","Registered","Individual","2020","https://arbk.atlas-studio.eu/activity/7911/page/10"
"Onazis Travel SH.P.K.","811426875","Prishtinë","Registered","LLC","2020","https://arbk.atlas-studio.eu/activity/7911/page/10"
"Mollëkuqja Travel SH.P.K.","812414530","Prishtinë","Registered","LLC","2026","https://arbk.atlas-studio.eu/activity/7911/page/10"
"Florije Xh. Gashi B.I.","812158708","Lipjan","Registered","Individual","2024","https://arbk.atlas-studio.eu/activity/7911/page/10"
"INTERNATIONAL TRAVEL SH.P.K.","810121749","Prishtinë","Registered","LLC","2018","https://arbk.atlas-studio.eu/activity/7911/page/10"
"Abdullah Morina B.I.","810993487","Mamushë","Registered","Individual","2012","https://arbk.atlas-studio.eu/activity/7911/page/10"
"PAST & PRESENT SH.P.K.","812413954","Prishtinë","Registered","LLC","2026","https://arbk.atlas-studio.eu/activity/7911/page/10"
"Nesim Vatovci B.I.","811320126","Mitrovicë","Registered","Individual","2010","https://arbk.atlas-studio.eu/activity/7911/page/10"
"mik adventures L.L.C.","811568479","Prishtinë","Registered","LLC","2021","https://arbk.atlas-studio.eu/activity/7911/page/10"
"Avio Ticket SH.P.K.","812275792","Gllogoc","Registered","LLC","2025","https://arbk.atlas-studio.eu/activity/7911/page/10"
"ALRA BK SH.P.K.","812276063","Prizren","Registered","LLC","2025","https://arbk.atlas-studio.eu/activity/7911/page/10"
"Fox Travel L.L.C.","811567900","Prishtinë","Registered","LLC","2021","https://arbk.atlas-studio.eu/activity/7911/page/10"
"ART -Travel SH.P.K.","810862111","Prishtinë","Registered","LLC","2016","https://arbk.atlas-studio.eu/activity/7911/page/10"
"VisionFly SH.P.K.","812411776","Podujevë","Registered","LLC","2026","https://arbk.atlas-studio.eu/activity/7911/page/10"
"Çlirim Abdullahu B.I.","811927211","Prishtinë","Registered","Individual","2022","https://arbk.atlas-studio.eu/activity/7911/page/10"
"Naser Bislimi B.I.","810659732","Ferizaj","Registered","Individual","2004","https://arbk.atlas-studio.eu/activity/7911/page/10"
"Proleader SH.P.K.","811302835","Prishtinë","Registered","LLC","2019","https://arbk.atlas-studio.eu/activity/7911/page/10"
"ITrip 2024 L.L.C.","812165737","Prishtinë","Registered","LLC","2024","https://arbk.atlas-studio.eu/activity/7911/page/10"
"Gëzim Lulaj B.I.","810129371","Gjakovë","Registered","Individual","2018","https://arbk.atlas-studio.eu/activity/7911/page/10"
"Qëndresa Grosha B.I.","810129438","Prizren","Registered","Individual","2018","https://arbk.atlas-studio.eu/activity/7911/page/10"
"MY UMRAH L.L.C.","812165480","Prishtinë","Registered","LLC","2024","https://arbk.atlas-studio.eu/activity/7911/page/10"
"AD WORLD TRAVEL SH.P.K.","811936163","Rahovec","Registered","LLC","2022","https://arbk.atlas-studio.eu/activity/7911/page/10"
"TAWAF TRAVEL L.L.C.","812422509","Prishtinë","New Registered","LLC","","https://arbk.atlas-studio.eu/activity/7911/page/10"
"Doni Tours & Travel SH.P.K.","812165026","Gjakovë","Registered","LLC","2024","https://arbk.atlas-studio.eu/activity/7911/page/10"
"Blinor Bega B.I.","812287474","Ferizaj","Registered","Individual","2025","https://arbk.atlas-studio.eu/activity/7911/page/11"
"Grand Travel SH.P.K.","812164375","Prishtinë","Registered","LLC","2024","https://arbk.atlas-studio.eu/activity/7911/page/11"
"Flamuri Fly SH.P.K.","810128191","Lipjan","Registered","LLC","2018","https://arbk.atlas-studio.eu/activity/7911/page/11"
"Busulla Travel SH.P.K.","812163781","Fushë Kosovë","Registered","LLC","2024","https://arbk.atlas-studio.eu/activity/7911/page/11"
"DRILONA TRAVEL SH.P.K.","812164151","Skenderaj","Registered","LLC","2024","https://arbk.atlas-studio.eu/activity/7911/page/11"
"Bota Travel Group SH.P.K.","811574301","Ferizaj","Registered","LLC","2021","https://arbk.atlas-studio.eu/activity/7911/page/11"
"LNB AGENCY SH.P.K.","811574608","Ferizaj","Registered","LLC","2021","https://arbk.atlas-studio.eu/activity/7911/page/11"
"AirGo Travel SH.P.K.","810849458","Prishtinë","Registered","LLC","2015","https://arbk.atlas-studio.eu/activity/7911/page/11"
"V Travel Agency 2025 L.L.C.","812285791","Podujevë","Registered","LLC","2025","https://arbk.atlas-studio.eu/activity/7911/page/11"
"Cani Travel Group SH.P.K.","811935107","Prishtinë","Registered","LLC","2022","https://arbk.atlas-studio.eu/activity/7911/page/11"
"Planet Travel SH.P.K.","811934943","Gjakovë","Registered","LLC","2022","https://arbk.atlas-studio.eu/activity/7911/page/11"
"MORINA WORLD TRAVEL SH.P.K.","810127705","Rahovec","Registered","LLC","2018","https://arbk.atlas-studio.eu/activity/7911/page/11"
"LECI TRAVEL SH.P.K.","812163476","Prishtinë","Registered","LLC","2024","https://arbk.atlas-studio.eu/activity/7911/page/11"
"Tripwise Travel Agency SH.P.K.","812044866","Fushë Kosovë","Registered","LLC","2023","https://arbk.atlas-studio.eu/activity/7911/page/11"
"Come Travel SH.P.K.","812044808","Fushë Kosovë","Registered","LLC","2023","https://arbk.atlas-studio.eu/activity/7911/page/11"
"DURGUTI TRAVEL SH.P.K.","812045450","Rahovec","Registered","LLC","2023","https://arbk.atlas-studio.eu/activity/7911/page/11"
"DK TRAVEL 2023 SH.P.K.","812045426","Prishtinë","Registered","LLC","2023","https://arbk.atlas-studio.eu/activity/7911/page/11"
"We Travel SH.P.K.","812045244","Prishtinë","Registered","LLC","2023","https://arbk.atlas-studio.eu/activity/7911/page/11"
"FLORIMI TRANS SH.P.K.","811933440","Klinë","Registered","LLC","2022","https://arbk.atlas-studio.eu/activity/7911/page/11"
"LIBONIA FLY SH.P.K.","810828684","Prishtinë","Registered","LLC","2013","https://arbk.atlas-studio.eu/activity/7911/page/11"
"ONNI Travel SH.P.K.","812162650","Prishtinë","Registered","LLC","2024","https://arbk.atlas-studio.eu/activity/7911/page/11"
"Leart Mullatahiri B.I.","812043876","Gjakovë","Registered","Individual","2023","https://arbk.atlas-studio.eu/activity/7911/page/11"
"ALISI SH.P.K.","810125791","Malishevë","Registered","LLC","2018","https://arbk.atlas-studio.eu/activity/7911/page/11"
"Bexhet R. Shala B.I.","810637184","Suharekë","Registered","Individual","2006","https://arbk.atlas-studio.eu/activity/7911/page/11"
"Xhevat Asimi B.I.","810336033","Kamenicë","Registered","Individual","2000","https://arbk.atlas-studio.eu/activity/7911/page/11"
"AMTravel SH.P.K.","812275437","Istog","Registered","LLC","2025","https://arbk.atlas-studio.eu/activity/7911/page/11"
"Enes Osmani B.I.","812156900","Fushë Kosovë","Registered","Individual","2024","https://arbk.atlas-studio.eu/activity/7911/page/11"
"Online Travel SH.P.K.","812157346","Prishtinë","Registered","LLC","2024","https://arbk.atlas-studio.eu/activity/7911/page/11"
"UNI SELLER SH.P.K.","810022377","Lipjan","Registered","LLC","2017","https://arbk.atlas-studio.eu/activity/7911/page/11"
"RANA SH.P.K.","811253541","Prishtinë","Registered","LLC","2014","https://arbk.atlas-studio.eu/activity/7911/page/11"
"Servete Hoti B.I.","810232455","Gjakovë","Registered","Individual","2003","https://arbk.atlas-studio.eu/activity/7911/page/11"
"Blendin Bega B.I.","812282440","Ferizaj","Registered","Individual","2025","https://arbk.atlas-studio.eu/activity/7911/page/11"
"Fisnik Alaj B.I.","810966187","Deçan","Registered","Individual","2013","https://arbk.atlas-studio.eu/activity/7911/page/11"
"Fresh Travel SH.P.K.","810838881","Prishtinë","Registered","LLC","2014","https://arbk.atlas-studio.eu/activity/7911/page/11"
"Beti Travel SH.P.K.","811046186","Ferizaj","Registered","LLC","2009","https://arbk.atlas-studio.eu/activity/7911/page/12"
"Halim Kollçaku B.I.","810397811","Pejë","Registered","Individual","2000","https://arbk.atlas-studio.eu/activity/7911/page/12"
"Next Fly 05 SH.P.K.","812417899","Ferizaj","Registered","LLC","2026","https://arbk.atlas-studio.eu/activity/7911/page/12"
"Sunset Travel1 SH.P.K.","811931923","Podujevë","Registered","LLC","2022","https://arbk.atlas-studio.eu/activity/7911/page/12"
"Flyzone SH.P.K.","811570680","Prishtinë","Registered","LLC","2021","https://arbk.atlas-studio.eu/activity/7911/page/12"
"Istanbul Travel & Trade Center SH.P.K.","811106899","Vushtrri","Registered","LLC","2013","https://arbk.atlas-studio.eu/activity/7911/page/12"
"Top Balkan Tours SH.P.K.","812280684","Pejë","Registered","LLC","2025","https://arbk.atlas-studio.eu/activity/7911/page/12"
"Hasi Travel SH.P.K.","812161214","Prizren","Registered","LLC","2024","https://arbk.atlas-studio.eu/activity/7911/page/12"
"KD Express L.L.C.","812416966","Prishtinë","Registered","LLC","2026","https://arbk.atlas-studio.eu/activity/7911/page/12"
"WishCo Travel L.L.C.","812160547","Prishtinë","Registered","LLC","2024","https://arbk.atlas-studio.eu/activity/7911/page/12"
"Abedin I. Arifi B.I.","811207100","Gjilan","Registered","Individual","2013","https://arbk.atlas-studio.eu/activity/7911/page/12"
"Mirlinda Jashari B.I.","812160315","Prishtinë","Registered","Individual","2024","https://arbk.atlas-studio.eu/activity/7911/page/12"
"Fatlum H. Arifi B.I.","810123026","Lipjan","Registered","Individual","2018","https://arbk.atlas-studio.eu/activity/7911/page/12"
"Leuart Haziri B.I.","811207077","Gjilan","Registered","Individual","2013","https://arbk.atlas-studio.eu/activity/7911/page/12"
"Valon E. Kryeziu B.I.","811336785","Kamenicë","Registered","Individual","2013","https://arbk.atlas-studio.eu/activity/7911/page/12"
"Alza Travel L.L.C.","812415710","Podujevë","Registered","LLC","2026","https://arbk.atlas-studio.eu/activity/7911/page/12"
"Dukagjini Travel SH.P.K.","812415413","Pejë","Registered","LLC","2026","https://arbk.atlas-studio.eu/activity/7911/page/12"
"Elite Tour SH.P.K.","812278564","Ferizaj","Registered","LLC","2025","https://arbk.atlas-studio.eu/activity/7911/page/12"
"Prishtina Fly SH.P.K.","811243188","Klinë","Registered","LLC","2016","https://arbk.atlas-studio.eu/activity/7911/page/12"
"Enis Hetemi B.I.","810359829","Mitrovicë","Registered","Individual","2004","https://arbk.atlas-studio.eu/activity/7911/page/12"
"Please Travel L.L.C.","812159459","Gjilan","Registered","LLC","2024","https://arbk.atlas-studio.eu/activity/7911/page/12"
"Agjencioni Turistik NOARI SH.P.K.","811928368","Malishevë","Registered","LLC","2022","https://arbk.atlas-studio.eu/activity/7911/page/12"
"Diamond Vector Travel SH.P.K.","810122771","Prizren","Registered","LLC","2018","https://arbk.atlas-studio.eu/activity/7911/page/12"
"Kaltrina Travel SH.P.K.","810776346","Podujevë","Registered","LLC","2016","https://arbk.atlas-studio.eu/activity/7911/page/12"
"Rinia Travel O.P.","810272782","Gjilan","Registered","Partnership","2006","https://arbk.atlas-studio.eu/activity/7911/page/12"
"Afrim I. Tahiri B.I.","810645749","Ferizaj","Registered","Individual","2001","https://arbk.atlas-studio.eu/activity/7911/page/12"
"FLY SUISSE TRAVEL SH.P.K.","812403278","Pejë","Registered","LLC","2026","https://arbk.atlas-studio.eu/activity/7911/page/12"
"Bufi Agency SH.P.K.","812403004","Prishtinë","Registered","LLC","2026","https://arbk.atlas-studio.eu/activity/7911/page/12"
"YAKUB EXPERT L.L.C.","812266767","Prishtinë","Registered","LLC","2025","https://arbk.atlas-studio.eu/activity/7911/page/12"
"IBF Consulting Training SH.P.K.","811281782","Prishtinë","Registered","LLC","2008","https://arbk.atlas-studio.eu/activity/7911/page/12"
"Qendresa Zhjeqi B.I.","812266452","Podujevë","Registered","Individual","2025","https://arbk.atlas-studio.eu/activity/7911/page/12"
"Demir Ajvazi B.I.","811093575","Viti","Registered","Individual","2008","https://arbk.atlas-studio.eu/activity/7911/page/13"
"Fran Karaqi B.I.","810908676","Prishtinë","Registered","Individual","2011","https://arbk.atlas-studio.eu/activity/7911/page/13"
"Travel Team L.L.C.","811918947","Prishtinë","Registered","LLC","2022","https://arbk.atlas-studio.eu/activity/7911/page/13"
"Ella Travel Agency SH.P.K.","812147214","Prishtinë","Registered","LLC","2024","https://arbk.atlas-studio.eu/activity/7911/page/13"
"STELA TRAVEL SH.P.K.","812031326","Prishtinë","Registered","LLC","2023","https://arbk.atlas-studio.eu/activity/7911/page/13"
"Illyrian Eagle SH.P.K.","810517469","Prishtinë","Registered","LLC","2006","https://arbk.atlas-studio.eu/activity/7911/page/13"
"Ruta Adriatica SH.P.K.","812401826","Prishtinë","Registered","LLC","2026","https://arbk.atlas-studio.eu/activity/7911/page/13"
"Frame The Balkans L.L.C.","812265058","Prishtinë","Registered","LLC","2025","https://arbk.atlas-studio.eu/activity/7911/page/13"
"PRISHTINA TRAVEL FLY SH.P.K.","812146472","Fushë Kosovë","Registered","LLC","2024","https://arbk.atlas-studio.eu/activity/7911/page/13"
"Travio SH.P.K.","812146745","Prishtinë","Registered","LLC","2024","https://arbk.atlas-studio.eu/activity/7911/page/13"
"LEARTI TRAVEL SH.P.K.","812030625","Gjilan","Registered","LLC","2023","https://arbk.atlas-studio.eu/activity/7911/page/13"
"VIVA TRAVEL SH.P.K.","812411297","Mitrovicë","Registered","LLC","2026","https://arbk.atlas-studio.eu/activity/7911/page/13"
"Besim Is. Mustafa B.I.","811093658","Viti","Registered","Individual","2008","https://arbk.atlas-studio.eu/activity/7911/page/13"
"NM MORINA SH.P.K.","812273390","Malishevë","Registered","LLC","2025","https://arbk.atlas-studio.eu/activity/7911/page/13"
"FLUTURO L.L.C.","812037358","Prishtinë","Registered","LLC","2023","https://arbk.atlas-studio.eu/activity/7911/page/13"
"Valon Velijaj B.I.","811925843","Gjakovë","Registered","Individual","2022","https://arbk.atlas-studio.eu/activity/7911/page/13"
"Skender Jetullahu B.I.","811116210","Vushtrri","Registered","Individual","2014","https://arbk.atlas-studio.eu/activity/7911/page/13"
"Union Travel Prishtinë SH.P.K.","810495798","Prishtinë","Registered","LLC","2004","https://arbk.atlas-studio.eu/activity/7911/page/13"
"TravelGram L.L.C.","811925596","Prishtinë","Registered","LLC","2022","https://arbk.atlas-studio.eu/activity/7911/page/13"
"Endrit Jusufi B.I.","812154897","Ferizaj","Registered","Individual","2024","https://arbk.atlas-studio.eu/activity/7911/page/13"
"Narta FD SH.P.K.","812155613","Prishtinë","Registered","LLC","2024","https://arbk.atlas-studio.eu/activity/7911/page/13"
"Travel Tours Prishtina SH.P.K.","811300582","Pejë","Registered","LLC","2019","https://arbk.atlas-studio.eu/activity/7911/page/13"
"ARMEND TOURS TRAVEL & TOURISM SH.P.K.","811300540","Gjakovë","Registered","LLC","2019","https://arbk.atlas-studio.eu/activity/7911/page/13"
"XHAFA TOURS SH.P.K.","811301142","Klinë","Registered","LLC","2019","https://arbk.atlas-studio.eu/activity/7911/page/13"
"Altin Salihu B.I.","811300988","Prishtinë","Registered","Individual","2019","https://arbk.atlas-studio.eu/activity/7911/page/13"
"VI TRAVELS SH.P.K.","810118423","Prishtinë","Registered","LLC","2018","https://arbk.atlas-studio.eu/activity/7911/page/13"
"Air Prishtina SH.P.K.","810545147","Prishtinë","Registered","LLC","2004","https://arbk.atlas-studio.eu/activity/7911/page/13"
"Flamur Qallaku B.I.","810772310","Pejë","Registered","Individual","2016","https://arbk.atlas-studio.eu/activity/7911/page/13"
"Bedrije Abdyli B.I.","811287300","Prishtinë","Registered","Individual","2005","https://arbk.atlas-studio.eu/activity/7911/page/13"
"VITA TRAVEL A & B SH.P.K.","812272269","Prizren","Registered","LLC","2025","https://arbk.atlas-studio.eu/activity/7911/page/13"
"MILOTI REISEN SH.P.K.","812271568","Deçan","Registered","LLC","2025","https://arbk.atlas-studio.eu/activity/7911/page/13"
"Kushtrimi NM Worldwide SH.P.K.","812153485","Gjakovë","Registered","LLC","2024","https://arbk.atlas-studio.eu/activity/7911/page/13"
"Dashurije Kolloni B.I.","811219402","Dragash","Registered","Individual","2008","https://arbk.atlas-studio.eu/activity/7911/page/13"
"Cumali Santir B.I.","810592073","Prizren","Registered","Individual","2003","https://arbk.atlas-studio.eu/activity/7911/page/13"
"VB TRAVEL SH.P.K.","812152461","Lipjan","Registered","LLC","2024","https://arbk.atlas-studio.eu/activity/7911/page/13"
"AGJENSION TURISTIK QAZA TOURS SH.P.K.","811924324","Klinë","Registered","LLC","2022","https://arbk.atlas-studio.eu/activity/7911/page/13"
"FLUTURO FLY 2026 SH.P.K.","811924283","Ferizaj","Registered","LLC","2022","https://arbk.atlas-studio.eu/activity/7911/page/14"
"Diamantë Begaj B.I.","811413781","Malishevë","Registered","Individual","2020","https://arbk.atlas-studio.eu/activity/7911/page/14"
"World Travel Agency SH.P.K.","811413955","Prishtinë","Registered","LLC","2020","https://arbk.atlas-studio.eu/activity/7911/page/14"
"LA CORTE SH.P.K.","810808834","Prishtinë","Registered","LLC","2011","https://arbk.atlas-studio.eu/activity/7911/page/14"
"Blendi Braha B.I.","811923350","Ferizaj","Registered","Individual","2022","https://arbk.atlas-studio.eu/activity/7911/page/14"
"Votra Travel SH.P.K.","810115734","Prishtinë","Registered","LLC","2018","https://arbk.atlas-studio.eu/activity/7911/page/14"
"Slope Travel L.L.C.","812270479","Prishtinë","Registered","LLC","2025","https://arbk.atlas-studio.eu/activity/7911/page/14"
"Travel Time si SH.P.K.","811297838","Prishtinë","Registered","LLC","2019","https://arbk.atlas-studio.eu/activity/7911/page/14"
"AGJENSIONI BERISHA SH.P.K.","810114075","Ferizaj","Registered","LLC","2018","https://arbk.atlas-studio.eu/activity/7911/page/14"
"Abdurrahman Miftari B.I.","811282938","Prishtinë","Registered","Individual","2012","https://arbk.atlas-studio.eu/activity/7911/page/14"
"ALBTOURS VAS TOUROPERATOR SH.P.K.","810808678","Prishtinë","Registered","LLC","2011","https://arbk.atlas-studio.eu/activity/7911/page/14"
"Mehmet Ahma B.I.","810229890","Gjakovë","Registered","Individual","2002","https://arbk.atlas-studio.eu/activity/7911/page/14"
"Travelsa SH.P.K.","812270099","Prishtinë","Registered","LLC","2025","https://arbk.atlas-studio.eu/activity/7911/page/14"
"GLOBAL TRAVEL AGENCY SH.P.K.","812150936","Prizren","Registered","LLC","2024","https://arbk.atlas-studio.eu/activity/7911/page/14"
"Valon Mehmeti B.I.","810919475","Prishtinë","Registered","Individual","2012","https://arbk.atlas-studio.eu/activity/7911/page/14"
"Shoqëri për Turizëm ETC TRAVEL DOOEL Shkup Dega në Kosovë","812406165","Prishtinë","Registered","","2026","https://arbk.atlas-studio.eu/activity/7911/page/14"
"MENGIN BAHATTIN SH.P.K.","812150184","Prishtinë","Registered","LLC","2024","https://arbk.atlas-studio.eu/activity/7911/page/14"
"Fly Home SH.P.K.","812150564","Fushë Kosovë","Registered","LLC","2024","https://arbk.atlas-studio.eu/activity/7911/page/14"
"Urim Kriezi B.I.","811006742","Prizren","Registered","Individual","2015","https://arbk.atlas-studio.eu/activity/7911/page/14"
"As Travel Club SH.P.K.","810886616","Prishtinë","Registered","LLC","2009","https://arbk.atlas-studio.eu/activity/7911/page/14"
"VIBE TRAVEL SH.P.K.","812268739","Gjilan","Registered","LLC","2025","https://arbk.atlas-studio.eu/activity/7911/page/14"
"EXTRA TRAVEL L.L.C.","812149971","Pejë","Registered","LLC","2024","https://arbk.atlas-studio.eu/activity/7911/page/14"
"AJAN TRAVEL SH.P.K.","812404367","Ferizaj","Registered","LLC","2026","https://arbk.atlas-studio.eu/activity/7911/page/14"
"ALPET TRAVEL SH.P.K.","812033744","Gjakovë","Registered","LLC","2023","https://arbk.atlas-studio.eu/activity/7911/page/14"
"Tasim Sinik B.I.","810988040","Prizren","Registered","Individual","2011","https://arbk.atlas-studio.eu/activity/7911/page/14"
"RINORI TOURS SH.P.K.","811295098","Klinë","Registered","LLC","2019","https://arbk.atlas-studio.eu/activity/7911/page/14"
"Sport Travel L.L.C.","812400505","Prishtinë","Registered","LLC","2026","https://arbk.atlas-studio.eu/activity/7911/page/14"
"Fluturimi L.L.C.","812264076","Fushë Kosovë","Registered","LLC","2025","https://arbk.atlas-studio.eu/activity/7911/page/14"
"BËRDYNA REISEN SH.P.K.","812264274","Pejë","Registered","LLC","2025","https://arbk.atlas-studio.eu/activity/7911/page/14"
"SI ERA TRAVEL SH.P.K.","812264224","Prishtinë","Registered","LLC","2025","https://arbk.atlas-studio.eu/activity/7911/page/14"
"Adelina Krasniqi B.I.","811245465","Klinë","Registered","Individual","2011","https://arbk.atlas-studio.eu/activity/7911/page/14"
"ALKHRAIJI TOURISM COMPANY L.L.C.","812148923","Prishtinë","Registered","LLC","2024","https://arbk.atlas-studio.eu/activity/7911/page/14"
"TURIZMI SH.P.K.","810111534","Skenderaj","Registered","LLC","2018","https://arbk.atlas-studio.eu/activity/7911/page/14"
"ILEA TRAVEL SH.P.K.","811407908","Prishtinë","Registered","LLC","2020","https://arbk.atlas-studio.eu/activity/7911/page/15"
"Ardit Cani B.I.","811407891","Lipjan","Registered","Individual","2020","https://arbk.atlas-studio.eu/activity/7911/page/15"
"Venera O.P.","810657124","Ferizaj","Registered","Partnership","2005","https://arbk.atlas-studio.eu/activity/7911/page/15"
"Breathe In Travel L.L.C.","810102004","Prishtinë","Registered","LLC","2018","https://arbk.atlas-studio.eu/activity/7911/page/15"
"KOSOVA AIR - 1 SH.P.K.","810004474","Ferizaj","Registered","LLC","2017","https://arbk.atlas-studio.eu/activity/7911/page/15"
"Moonfly Travel SH.P.K.","812136431","Gjilan","Registered","LLC","2024","https://arbk.atlas-studio.eu/activity/7911/page/15"
"ULPIANA FLY SH.P.K.","811909889","Lipjan","Registered","LLC","2022","https://arbk.atlas-studio.eu/activity/7911/page/15"
"Erjon Bora SH.P.K.","811910365","Prishtinë","Registered","LLC","2022","https://arbk.atlas-studio.eu/activity/7911/page/15"
"Ardita Zhuri B.I.","810562670","Mitrovicë","Registered","Individual","2013","https://arbk.atlas-studio.eu/activity/7911/page/15"
"VESA TRAVEL SH.P.K.","811277830","Fushë Kosovë","Registered","LLC","2019","https://arbk.atlas-studio.eu/activity/7911/page/15"
"Muhamet Vishi B.I.","810308438","Kaçanik","Registered","Individual","2007","https://arbk.atlas-studio.eu/activity/7911/page/15"
"Rina Travel SH.P.K.","812389543","Skenderaj","Registered","LLC","2026","https://arbk.atlas-studio.eu/activity/7911/page/15"
"FLYNAS KOSOVA SH.P.K.","812135384","Prishtinë","Registered","LLC","2024","https://arbk.atlas-studio.eu/activity/7911/page/15"
"Top Travel Agency SH.P.K.","811548679","Prishtinë","Registered","LLC","2021","https://arbk.atlas-studio.eu/activity/7911/page/15"
"MySky 24 L.L.C.","811407081","Prishtinë","Registered","LLC","2020","https://arbk.atlas-studio.eu/activity/7911/page/15"
"Kosovafly CH SH.P.K.","811406835","Gjilan","Registered","LLC","2020","https://arbk.atlas-studio.eu/activity/7911/page/15"
"Sherif Helshani B.I.","810708117","Malishevë","Registered","Individual","2008","https://arbk.atlas-studio.eu/activity/7911/page/15"
"GIZI Travel Agency & Tour Operator SH.P.K.","810846694","Prishtinë","Registered","LLC","2015","https://arbk.atlas-studio.eu/activity/7911/page/15"
"Zhitia Turist SH.P.K.","810775190","Podujevë","Registered","LLC","2014","https://arbk.atlas-studio.eu/activity/7911/page/15"
"Hysen Cakaj B.I.","810540709","Prishtinë","Registered","Individual","2008","https://arbk.atlas-studio.eu/activity/7911/page/15"
"Dogan Grup L.L.C.","811917767","Prishtinë","Registered","LLC","2022","https://arbk.atlas-studio.eu/activity/7911/page/15"
"Milaim Rashiti B.I.","810269416","Gjilan","Registered","Individual","2003","https://arbk.atlas-studio.eu/activity/7911/page/15"
"Selam Tours SH.P.K.","812398304","Fushë Kosovë","Registered","LLC","2026","https://arbk.atlas-studio.eu/activity/7911/page/15"
"Reiseburo Dituria SH.P.K.","810847569","Prishtinë","Registered","LLC","2015","https://arbk.atlas-studio.eu/activity/7911/page/15"
"GLOBUS TRAVEL SH.P.K.","810108937","Prishtinë","Registered","LLC","2018","https://arbk.atlas-studio.eu/activity/7911/page/15"
"Ermal Efendija B.I.","812263482","Gjakovë","Registered","Individual","2025","https://arbk.atlas-studio.eu/activity/7911/page/15"
"ILYRIAN TRAVEL AGENCY L.L.C.","812145599","Prishtinë","Registered","LLC","2024","https://arbk.atlas-studio.eu/activity/7911/page/15"
"Benjamin Falke B.I.","812029280","Rahovec","Registered","Individual","2023","https://arbk.atlas-studio.eu/activity/7911/page/15"
"PRISHTINA - 1 SH.P.K.","810837619","Prishtinë","Registered","LLC","2014","https://arbk.atlas-studio.eu/activity/7911/page/15"
"Travelia L.L.C.","812397801","Ferizaj","Registered","LLC","2026","https://arbk.atlas-studio.eu/activity/7911/page/15"
"SAVATOURS SH.P.K.","810847551","Prishtinë","Registered","LLC","2015","https://arbk.atlas-studio.eu/activity/7911/page/15"
"Besim X. Rexhepi B.I.","810681470","Viti","Registered","Individual","2006","https://arbk.atlas-studio.eu/activity/7911/page/15"
"B Travel KS L.L.C.","811555814","Prishtinë","Registered","LLC","2021","https://arbk.atlas-studio.eu/activity/7911/page/15"
"AIR PRISHTINA TRAVEL L.L.C.","812262319","Prishtinë","Registered","LLC","2025","https://arbk.atlas-studio.eu/activity/7911/page/15"
"ELLO TRAVEL L.L.C.","812262179","Klinë","Registered","LLC","2025","https://arbk.atlas-studio.eu/activity/7911/page/15"
"VISIO TRAVEL L.L.C.","811916107","Lipjan","Registered","LLC","2022","https://arbk.atlas-studio.eu/activity/7911/page/16"
"Afrim Fejzullahu B.I.","811286146","Mitrovicë","Registered","Individual","2019","https://arbk.atlas-studio.eu/activity/7911/page/16"
"Nermin Bujari B.I.","810983876","Prizren","Registered","Individual","2010","https://arbk.atlas-studio.eu/activity/7911/page/16"
"Menderes Kallaba B.I.","812027119","Kamenicë","Registered","Individual","2023","https://arbk.atlas-studio.eu/activity/7911/page/16"
"Nazmi Ma. Krasniqi B.I.","811914268","Vushtrri","Registered","Individual","2022","https://arbk.atlas-studio.eu/activity/7911/page/16"
"Garden Kosovo O&T SH.P.K.","810009052","Gjilan","Registered","LLC","2017","https://arbk.atlas-studio.eu/activity/7911/page/16"
"Arbër Cani B.I.","811405407","Lipjan","Registered","Individual","2020","https://arbk.atlas-studio.eu/activity/7911/page/16"
"MIRJETA TRAVEL SH.P.K.","811913533","Lipjan","Registered","LLC","2022","https://arbk.atlas-studio.eu/activity/7911/page/16"
"Anton Gj. Duhanaj B.I.","811322198","Klinë","Registered","Individual","2002","https://arbk.atlas-studio.eu/activity/7911/page/16"
"Afro Fly SH.P.K.","810008088","Gjilan","Registered","LLC","2017","https://arbk.atlas-studio.eu/activity/7911/page/16"
"ARVA TRAVEL SH.P.K.","810008426","Prishtinë","Registered","LLC","2017","https://arbk.atlas-studio.eu/activity/7911/page/16"
"Enis I. Syla B.I.","812260040","Gjilan","Registered","Individual","2025","https://arbk.atlas-studio.eu/activity/7911/page/16"
"Four Seasons SH.P.K.","810540189","Prishtinë","Registered","LLC","2008","https://arbk.atlas-studio.eu/activity/7911/page/16"
"Ahmet K. Ahmeti B.I.","810529042","Prishtinë","Registered","Individual","2007","https://arbk.atlas-studio.eu/activity/7911/page/16"
"CANI-M SH.P.K.","811183243","Gjilan","Registered","LLC","2013","https://arbk.atlas-studio.eu/activity/7911/page/16"
"Melek Travel SH.P.K.","812395011","Prizren","Registered","LLC","2026","https://arbk.atlas-studio.eu/activity/7911/page/16"
"EX Travel SH.P.K.","811410430","Prishtinë","Registered","LLC","2020","https://arbk.atlas-studio.eu/activity/7911/page/16"
"Selo Tours Company SH.P.K.","811410357","Prishtinë","Registered","LLC","2020","https://arbk.atlas-studio.eu/activity/7911/page/16"
"Bon Voyage Travel SH.P.K.","810105206","Prishtinë","Registered","LLC","2018","https://arbk.atlas-studio.eu/activity/7911/page/16"
"O.T.A Airkosova Network SH.P.K.","812139732","Prishtinë","Registered","LLC","2024","https://arbk.atlas-studio.eu/activity/7911/page/16"
"U TRAVEL AGENCY L.L.C.","812139641","Prishtinë","Registered","LLC","2024","https://arbk.atlas-studio.eu/activity/7911/page/16"
"Toni Turist SH.P.K.","810776198","Podujevë","Registered","LLC","2016","https://arbk.atlas-studio.eu/activity/7911/page/16"
"Go Travel & Tours SH.P.K.","812393669","Fushë Kosovë","Registered","LLC","2026","https://arbk.atlas-studio.eu/activity/7911/page/16"
"EXPRESS TRAVEL AGENCY SH.P.K.","812139039","Gjilan","Registered","LLC","2024","https://arbk.atlas-studio.eu/activity/7911/page/16"
"NEW WAYS L.L.C.","812138817","Prishtinë","Registered","LLC","2024","https://arbk.atlas-studio.eu/activity/7911/page/16"
"Arnis Ajvazi B.I.","812022937","Ferizaj","Registered","Individual","2023","https://arbk.atlas-studio.eu/activity/7911/page/16"
"MyFly24 SH.P.K.","812023430","Podujevë","Registered","LLC","2023","https://arbk.atlas-studio.eu/activity/7911/page/16"
"Gazmend I. Mazreku B.I.","812023406","Prizren","Registered","Individual","2023","https://arbk.atlas-studio.eu/activity/7911/page/16"
"Ephesus Travel Kosova SH.P.K.","810815318","Prishtinë","Registered","LLC","2012","https://arbk.atlas-studio.eu/activity/7911/page/16"
"mik adventures group L.L.C.","812257336","Prishtinë","Registered","LLC","2025","https://arbk.atlas-studio.eu/activity/7911/page/16"
"GLOBAL AIR SH.P.K.","811280263","Prishtinë","Registered","LLC","2019","https://arbk.atlas-studio.eu/activity/7911/page/16"
"CANI- S SH.P.K.","810099798","Gjakovë","Registered","LLC","2018","https://arbk.atlas-studio.eu/activity/7911/page/16"
"TIMING TOUR SH.P.K.","810100074","Pejë","Registered","LLC","2018","https://arbk.atlas-studio.eu/activity/7911/page/16"
"GASHI TRAVEL GROUP L.L.C.","812392398","Prizren","Registered","LLC","2026","https://arbk.atlas-studio.eu/activity/7911/page/16"
"Turist Kosova Center SH.P.K.","812137356","Gjakovë","Registered","LLC","2024","https://arbk.atlas-studio.eu/activity/7911/page/17"
"EN TRAVEL & TOURS SH.P.K.","812137075","Vushtrri","Registered","LLC","2024","https://arbk.atlas-studio.eu/activity/7911/page/17"
"Çlirimtare Dukolli B.I.","812137041","Malishevë","Registered","Individual","2024","https://arbk.atlas-studio.eu/activity/7911/page/17"
"BCT TRAVEL SH.P.K.","811550484","Ferizaj","Registered","LLC","2021","https://arbk.atlas-studio.eu/activity/7911/page/17"
"Brunilda Gjura Tafili B.I.","811409277","Ferizaj","Registered","Individual","2020","https://arbk.atlas-studio.eu/activity/7911/page/17"
"Betim Hoti B.I.","810282236","Gjilan","Registered","Individual","2005","https://arbk.atlas-studio.eu/activity/7911/page/17"
"Elmaze Dushica B.I.","812391829","Ferizaj","Registered","Individual","2026","https://arbk.atlas-studio.eu/activity/7911/page/17"
"C&K Travel L.L.C.","812022846","Prishtinë","Registered","LLC","2023","https://arbk.atlas-studio.eu/activity/7911/page/17"
"The A Company Visa SH.P.K.","811911256","Prishtinë","Registered","LLC","2022","https://arbk.atlas-studio.eu/activity/7911/page/17"
"Kalemi Travel & Tours Kosova SH.P.K.","811911553","Prishtinë","Registered","LLC","2022","https://arbk.atlas-studio.eu/activity/7911/page/17"
"AMALFI TOURS SH.P.K.","811550179","Prishtinë","Registered","LLC","2021","https://arbk.atlas-studio.eu/activity/7911/page/17"
"DARDANI QM SH.P.K.","810004193","Gjilan","Registered","LLC","2017","https://arbk.atlas-studio.eu/activity/7911/page/17"
"Pelikani Fly SH.P.K.","812377770","Fushë Kosovë","Registered","LLC","2026","https://arbk.atlas-studio.eu/activity/7911/page/17"
"Bleard Jakupi B.I.","812377689","Fushë Kosovë","Registered","Individual","2026","https://arbk.atlas-studio.eu/activity/7911/page/17"
"Cani Travel Group 2 SH.P.K.","812126507","Lipjan","Registered","LLC","2024","https://arbk.atlas-studio.eu/activity/7911/page/17"
"AULON ANDI AGENCY SH.P.K.","811901520","Istog","Registered","LLC","2022","https://arbk.atlas-studio.eu/activity/7911/page/17"
"TRAVEL PLUS SH.P.K.","810875049","Prishtinë","Registered","LLC","2017","https://arbk.atlas-studio.eu/activity/7911/page/17"
"Norway Travel SH.P.K.","811300326","Gjakovë","Registered","LLC","2015","https://arbk.atlas-studio.eu/activity/7911/page/17"
"FestPlan SH.P.K.","811900944","Prishtinë","Registered","LLC","2022","https://arbk.atlas-studio.eu/activity/7911/page/17"
"FLY TRAVEL SH.P.K.","810094045","Prishtinë","Registered","LLC","2018","https://arbk.atlas-studio.eu/activity/7911/page/17"
"Xhevdet I. Mehmeti B.I.","811435511","Prishtinë","Registered","Individual","2007","https://arbk.atlas-studio.eu/activity/7911/page/17"
"ZETA CORP L.L.C.","811900580","Prishtinë","Registered","LLC","2022","https://arbk.atlas-studio.eu/activity/7911/page/17"
"Isuf Halitaj B.I.","811156034","Malishevë","Registered","Individual","2014","https://arbk.atlas-studio.eu/activity/7911/page/17"
"FanFly Travel SH.P.K.","812245183","Prizren","Registered","LLC","2025","https://arbk.atlas-studio.eu/activity/7911/page/17"
"ATLANTIS TRAVEL SH.P.K.","811397737","Prishtinë","Registered","LLC","2020","https://arbk.atlas-studio.eu/activity/7911/page/17"
"RUSOLIA TRAVEL SH.P.K.","810751497","Pejë","Registered","LLC","2017","https://arbk.atlas-studio.eu/activity/7911/page/17"
"Belkis Dorambari B.I.","810991936","Prizren","Registered","Individual","2012","https://arbk.atlas-studio.eu/activity/7911/page/17"
"Dream Travel Network L.L.C.","812125111","Prishtinë","Registered","LLC","2024","https://arbk.atlas-studio.eu/activity/7911/page/17"
"International FLY SH.P.K.","812125038","Skenderaj","Registered","LLC","2024","https://arbk.atlas-studio.eu/activity/7911/page/17"
"AD travel SH.P.K.","811396945","Prishtinë","Registered","LLC","2020","https://arbk.atlas-studio.eu/activity/7911/page/17"
"Sava Group SH.P.K.","811397076","Prishtinë","Registered","LLC","2020","https://arbk.atlas-studio.eu/activity/7911/page/17"
"Travelmania SH.P.K.","810195330","Prishtinë","Registered","LLC","2019","https://arbk.atlas-studio.eu/activity/7911/page/17"
"Batllava Tours SH.P.K.","811503855","Podujevë","Registered","LLC","2021","https://arbk.atlas-studio.eu/activity/7911/page/17"
"Veneta Travel Group SH.P.K.","811504100","Prishtinë","Registered","LLC","2021","https://arbk.atlas-studio.eu/activity/7911/page/17"
"Ilber Beqiri B.I.","810645666","Ferizaj","Registered","Individual","2002","https://arbk.atlas-studio.eu/activity/7911/page/17"
"UNION POINT SH.P.K.","812009810","Viti","Registered","LLC","2023","https://arbk.atlas-studio.eu/activity/7911/page/17"
"PERLA TRAVEL SH.P.K.","811396309","Prishtinë","Registered","LLC","2020","https://arbk.atlas-studio.eu/activity/7911/page/17"
"PRANVERA SH.P.K.","810747438","Pejë","Registered","LLC","2014","https://arbk.atlas-studio.eu/activity/7911/page/17"
"Jon Musliu B.I.","812253508","Prishtinë","Registered","Individual","2025","https://arbk.atlas-studio.eu/activity/7911/page/17"
"Kosova Reisen Center SH.P.K.","812133255","Gjakovë","Registered","LLC","2024","https://arbk.atlas-studio.eu/activity/7911/page/17"
"Lejla Fly L.L.C.","812018746","Fushë Kosovë","Registered","LLC","2023","https://arbk.atlas-studio.eu/activity/7911/page/17"
"VELORA TRAVEL L.L.C.","812386440","Suharekë","Registered","LLC","2026","https://arbk.atlas-studio.eu/activity/7911/page/18"
"FLY TICKET SH.P.K.","812132679","Shtime","Registered","LLC","2024","https://arbk.atlas-studio.eu/activity/7911/page/18"
"AJ TRAVEL SH.P.K.","810101725","Prishtinë","Registered","LLC","2018","https://arbk.atlas-studio.eu/activity/7911/page/18"
"Eran Elsani B.I.","810992083","Prizren","Registered","Individual","2012","https://arbk.atlas-studio.eu/activity/7911/page/18"
"Xhevat H. Krasniqi B.I.","810316241","Suharekë","Registered","Individual","2007","https://arbk.atlas-studio.eu/activity/7911/page/18"
"Astrit P. Azemi B.I.","811403310","Viti","Registered","Individual","2020","https://arbk.atlas-studio.eu/activity/7911/page/18"
"Blerim Murati B.I.","811063081","Ferizaj","Registered","Individual","2010","https://arbk.atlas-studio.eu/activity/7911/page/18"
"MorinasWorld Travel&Tours L.L.C.","811511189","Prishtinë","Registered","LLC","2021","https://arbk.atlas-studio.eu/activity/7911/page/18"
"WAY HOLIDAYS L.L.C.","811402544","Graçanicë","Registered","LLC","2020","https://arbk.atlas-studio.eu/activity/7911/page/18"
"AGJENSIA DUATOURIST 1 SH.P.K.","810976178","Prizren","Registered","LLC","2017","https://arbk.atlas-studio.eu/activity/7911/page/18"
"Loni Reisen Agency SH.P.K.","812384551","Ferizaj","Registered","LLC","2026","https://arbk.atlas-studio.eu/activity/7911/page/18"
"Nadire Shantir B.I.","810600438","Prizren","Registered","Individual","2006","https://arbk.atlas-studio.eu/activity/7911/page/18"
"Adriatik Alfa SH.P.K.","811272963","Prizren","Registered","LLC","2019","https://arbk.atlas-studio.eu/activity/7911/page/18"
"TARA TRAVEL L.L.C.","811255175","Prishtinë","Registered","LLC","2016","https://arbk.atlas-studio.eu/activity/7911/page/18"
"UVO TRAVEL AGENCY L.L.C.","812375625","Prishtinë","Registered","LLC","2026","https://arbk.atlas-studio.eu/activity/7911/page/18"
"Health for Turkey SH.P.K.","812124486","Gjilan","Registered","LLC","2024","https://arbk.atlas-studio.eu/activity/7911/page/18"
"Gazmend J. Kelmendi B.I.","810906505","Prishtinë","Registered","Individual","2011","https://arbk.atlas-studio.eu/activity/7911/page/18"
"BMT World L.L.C.","812130516","Prishtinë","Registered","LLC","2024","https://arbk.atlas-studio.eu/activity/7911/page/18"
"AMIR TG SH.P.K.","810875510","Prishtinë","Registered","LLC","2017","https://arbk.atlas-studio.eu/activity/7911/page/18"
"ILIRIA GmbH SH.P.K.","810824004","Prishtinë","Registered","LLC","2013","https://arbk.atlas-studio.eu/activity/7911/page/18"
"Bardh Duhanaj B.I.","812250190","Klinë","Registered","Individual","2025","https://arbk.atlas-studio.eu/activity/7911/page/18"
"Klea Tours 2025 L.L.C.","812250520","Prizren","Registered","LLC","2025","https://arbk.atlas-studio.eu/activity/7911/page/18"
"EUROAIR DIRECT SH.P.K.","812014661","Prishtinë","Registered","LLC","2023","https://arbk.atlas-studio.eu/activity/7911/page/18"
"Agron Gërxhaliu B.I.","811401380","Vushtrri","Registered","Individual","2020","https://arbk.atlas-studio.eu/activity/7911/page/18"
"Jahir Tahiri B.I.","811042936","Suharekë","Registered","Individual","2015","https://arbk.atlas-studio.eu/activity/7911/page/18"
"Airtour 1 SH.P.K.","810836356","Prishtinë","Registered","LLC","2014","https://arbk.atlas-studio.eu/activity/7911/page/18"
"PRISHTINA REISEN SH.P.K.","811271600","Pejë","Registered","LLC","2019","https://arbk.atlas-studio.eu/activity/7911/page/18"
"SKY KOSOVA SH.P.K.","810836314","Prishtinë","Registered","LLC","2014","https://arbk.atlas-studio.eu/activity/7911/page/18"
"MIK FLY L.L.C.","812382183","Prishtinë","Registered","LLC","2026","https://arbk.atlas-studio.eu/activity/7911/page/18"
"Dafina Me. Gashi B.I.","812249177","Klinë","Registered","Individual","2025","https://arbk.atlas-studio.eu/activity/7911/page/18"
"Euro Fly SH.P.K.","811509259","Prishtinë","Registered","LLC","2021","https://arbk.atlas-studio.eu/activity/7911/page/18"
"Rrufeja SH.P.K.","810272097","Gjilan","Registered","LLC","2004","https://arbk.atlas-studio.eu/activity/7911/page/18"
"MORINA FLY TRAVEL SH.P.K.","812380864","Malishevë","Registered","LLC","2026","https://arbk.atlas-studio.eu/activity/7911/page/18"
"LENA FLY SH.P.K.","812380765","Kamenicë","Registered","LLC","2026","https://arbk.atlas-studio.eu/activity/7911/page/18"
"OSCAR TURIZM L.L.C.","812381581","Prizren","Registered","LLC","2026","https://arbk.atlas-studio.eu/activity/7911/page/18"
"TURO TRAVEL L.L.C.","812381549","Prishtinë","Registered","LLC","2026","https://arbk.atlas-studio.eu/activity/7911/page/19"
"Valentina Zeka B.I.","810569436","Mitrovicë","Registered","Individual","2016","https://arbk.atlas-studio.eu/activity/7911/page/19"
"PLUS TRAVEL SH.P.K.","810846199","Prishtinë","Registered","LLC","2015","https://arbk.atlas-studio.eu/activity/7911/page/19"
"TRAVEL LINES SH.P.K.","810895659","Prishtinë","Registered","LLC","2010","https://arbk.atlas-studio.eu/activity/7911/page/19"
"AYA Travel SH.P.K.","812127951","Ferizaj","Registered","LLC","2024","https://arbk.atlas-studio.eu/activity/7911/page/19"
"Premium Travel Agency SH.P.K.","812128339","Fushë Kosovë","Registered","LLC","2024","https://arbk.atlas-studio.eu/activity/7911/page/19"
"Dreams Travel 04 SH.P.K.","812128230","Prizren","Registered","LLC","2024","https://arbk.atlas-studio.eu/activity/7911/page/19"
"Top Travel Tourism L.L.C.","812128214","Prishtinë","Registered","LLC","2024","https://arbk.atlas-studio.eu/activity/7911/page/19"
"Elldin Shabani B.I.","811903203","Prizren","Registered","Individual","2022","https://arbk.atlas-studio.eu/activity/7911/page/19"
"Vera Veseli B.I.","811271056","Prizren","Registered","Individual","2019","https://arbk.atlas-studio.eu/activity/7911/page/19"
"Shqipërim Isufi B.I.","810261941","Gjilan","Registered","Individual","2001","https://arbk.atlas-studio.eu/activity/7911/page/19"
"KRAHASONI L.L.C.","812127480","Lipjan","Registered","LLC","2024","https://arbk.atlas-studio.eu/activity/7911/page/19"
"Valmir Q. Hasani B.I.","812127745","Vushtrri","Registered","Individual","2024","https://arbk.atlas-studio.eu/activity/7911/page/19"
"ANNA REISEN FM SH.P.K.","812012863","Prishtinë","Registered","LLC","2023","https://arbk.atlas-studio.eu/activity/7911/page/19"
"Legacy Visit SH.P.K.","812127224","Ferizaj","Registered","LLC","2024","https://arbk.atlas-studio.eu/activity/7911/page/19"
"AIR BALKAN L.L.C.","812126953","Prizren","Registered","LLC","2024","https://arbk.atlas-studio.eu/activity/7911/page/19"
"AirFly SH.P.K.","812126945","Prishtinë","Registered","LLC","2024","https://arbk.atlas-studio.eu/activity/7911/page/19"
"N T SH VECTOR O.P.","810573049","Prizren","Registered","Partnership","2001","https://arbk.atlas-studio.eu/activity/7911/page/19"
"Jolly Travel L.L.C.","812123727","Prishtinë","Registered","LLC","2024","https://arbk.atlas-studio.eu/activity/7911/page/19"
"Flyes adk Prishtina SH.P.K.","812123800","Prishtinë","Registered","LLC","2024","https://arbk.atlas-studio.eu/activity/7911/page/19"
"Dije Nikqi B.I.","810758279","Pejë","Registered","Individual","2011","https://arbk.atlas-studio.eu/activity/7911/page/19"
"Kujtim Salihu B.I.","810441551","Podujevë","Registered","Individual","2008","https://arbk.atlas-studio.eu/activity/7911/page/19"
"PARAGON CONSULTING GmbH Dega në Kosovë","811506362","Prishtinë","Registered","","2021","https://arbk.atlas-studio.eu/activity/7911/page/19"
"RUSOLIA TRAVEL D SH.P.K.","811506354","Prishtinë","Registered","LLC","2021","https://arbk.atlas-studio.eu/activity/7911/page/19"
"REISEBURO PRISHTINA INTERNATIONAL SH.P.K.","811398727","Prishtinë","Registered","LLC","2020","https://arbk.atlas-studio.eu/activity/7911/page/19"
"Isak Tusha B.I.","810718653","Lipjan","Registered","Individual","2012","https://arbk.atlas-studio.eu/activity/7911/page/19"
"Halil I. Zeqiri B.I.","811066796","Ferizaj","Registered","Individual","2011","https://arbk.atlas-studio.eu/activity/7911/page/19"
"EurO-Travel Agency SH.P.K.","810505414","Prishtinë","Registered","LLC","2005","https://arbk.atlas-studio.eu/activity/7911/page/19"
"Fitim Voca B.I.","812367060","Mitrovicë","Registered","Individual","2026","https://arbk.atlas-studio.eu/activity/7911/page/19"
"Hajdin Kurtishaj B.I.","812235291","Suharekë","Registered","Individual","2025","https://arbk.atlas-studio.eu/activity/7911/page/19"
"ATI FLY SH.P.K.","812115435","Ferizaj","Registered","LLC","2024","https://arbk.atlas-studio.eu/activity/7911/page/19"
"TRIP TRAVEL SH.P.K.","811387126","Pejë","Registered","LLC","2020","https://arbk.atlas-studio.eu/activity/7911/page/19"
"Destination Management Group SH.P.K.","810187105","Fushë Kosovë","Registered","LLC","2019","https://arbk.atlas-studio.eu/activity/7911/page/19"
"Sylejman Zogu B.I.","810472548","Prishtinë","Registered","Individual","2002","https://arbk.atlas-studio.eu/activity/7911/page/19"
"LEONITA OSMANI GROUP SH.P.K.","812234318","Vushtrri","Registered","LLC","2025","https://arbk.atlas-studio.eu/activity/7911/page/19"
"Kaltrina AirSLO SH.P.K.","812000818","Prishtinë","Registered","LLC","2023","https://arbk.atlas-studio.eu/activity/7911/page/19"
"Euro Tours Arti SH.P.K.","811890327","Pejë","Registered","LLC","2022","https://arbk.atlas-studio.eu/activity/7911/page/19"
"FRON TRAVEL SH.P.K.","811385998","Prishtinë","Registered","LLC","2020","https://arbk.atlas-studio.eu/activity/7911/page/19"
"PAJTIMI TURIZEM SH.P.K.","811386178","Malishevë","Registered","LLC","2020","https://arbk.atlas-studio.eu/activity/7911/page/19"
"ZZ Travel SH.P.K.","810873217","Prishtinë","Registered","LLC","2017","https://arbk.atlas-studio.eu/activity/7911/page/19"
"ALBA TOURS SH.P.K.","811185702","Gjilan","Registered","LLC","2016","https://arbk.atlas-studio.eu/activity/7911/page/19"
"Metije Zulfaj B.I.","811156935","Malishevë","Registered","Individual","2015","https://arbk.atlas-studio.eu/activity/7911/page/19"
"Craft Tours SH.P.K.","812114974","Prishtinë","Registered","LLC","2024","https://arbk.atlas-studio.eu/activity/7911/page/19"
"Just Travel SH.P.K.","812000115","Lipjan","Registered","LLC","2023","https://arbk.atlas-studio.eu/activity/7911/page/19"
"Euro Sky Travel Club O.P.","810492992","Prishtinë","Registered","Partnership","2004","https://arbk.atlas-studio.eu/activity/7911/page/20"
"Getuar Qorri B.I.","810186040","Gllogoc","Registered","Individual","2019","https://arbk.atlas-studio.eu/activity/7911/page/20"
"Shefqet H. Kastrati B.I.","810082181","Malishevë","Registered","Individual","2018","https://arbk.atlas-studio.eu/activity/7911/page/20"
"NEXT FLY SH.P.K.","811898016","Fushë Kosovë","Registered","LLC","2022","https://arbk.atlas-studio.eu/activity/7911/page/20"
"DRISO Group L.L.C.","811898389","Prishtinë","Registered","LLC","2022","https://arbk.atlas-studio.eu/activity/7911/page/20"
"Halil Haziri B.I.","810279168","Gjilan","Registered","Individual","2007","https://arbk.atlas-studio.eu/activity/7911/page/20"
"Tanamera SH.P.K.","810681397","Viti","Registered","LLC","2006","https://arbk.atlas-studio.eu/activity/7911/page/20"
"GJEJ TRIP.COM SH.P.K.","812374990","Prishtinë","Registered","LLC","2026","https://arbk.atlas-studio.eu/activity/7911/page/20"
"Adem Paçarizi B.I.","812374809","Malishevë","Registered","Individual","2026","https://arbk.atlas-studio.eu/activity/7911/page/20"
"BLERIMI GROUP 2020 L.L.C.","812122878","Prizren","Registered","LLC","2024","https://arbk.atlas-studio.eu/activity/7911/page/20"
"DEGA VA SH.P.K.","812122969","Prishtinë","Registered","LLC","2024","https://arbk.atlas-studio.eu/activity/7911/page/20"
"VISTA TRAVEL L.L.C.","810835390","Prishtinë","Registered","LLC","2014","https://arbk.atlas-studio.eu/activity/7911/page/20"
"Orchidea Travel SH.P.K.","812374487","Ferizaj","Registered","LLC","2026","https://arbk.atlas-studio.eu/activity/7911/page/20"
"Agjensia ''BOSFOR TOURS'' SH.P.K.","812358407","Prishtinë","Registered","LLC","2025","https://arbk.atlas-studio.eu/activity/7911/page/20"
"LineTicket SH.P.K.","812358118","Prishtinë","Registered","LLC","2025","https://arbk.atlas-studio.eu/activity/7911/page/20"
"ERA AGENCY SH.P.K.","812121987","Mitrovicë","Registered","LLC","2024","https://arbk.atlas-studio.eu/activity/7911/page/20"
"BICAJ TRAVEL SH.P.K.","812121937","Istog","Registered","LLC","2024","https://arbk.atlas-studio.eu/activity/7911/page/20"
"Argjend Buzhala B.I.","812122448","Malishevë","Registered","Individual","2024","https://arbk.atlas-studio.eu/activity/7911/page/20"
"SkySun Travel SH.P.K.","812122323","Kaçanik","Registered","LLC","2024","https://arbk.atlas-studio.eu/activity/7911/page/20"
"FLY AIR TRAVEL SH.P.K.","811883794","Rahovec","Registered","LLC","2021","https://arbk.atlas-studio.eu/activity/7911/page/20"
"ARTERI VISA AGENCY SH.P.K.","811883968","Prishtinë","Registered","LLC","2021","https://arbk.atlas-studio.eu/activity/7911/page/20"
"Imer Jetishi B.I.","812372887","Gjakovë","Registered","Individual","2026","https://arbk.atlas-studio.eu/activity/7911/page/20"
"Gazmend B. Luzha B.I.","812107276","Kaçanik","Registered","Individual","2023","https://arbk.atlas-studio.eu/activity/7911/page/20"
"eutravel fer SH.P.K.","812107169","Ferizaj","Registered","LLC","2023","https://arbk.atlas-studio.eu/activity/7911/page/20"
"Mergim Demiraj B.I.","811486902","Suharekë","Registered","Individual","2020","https://arbk.atlas-studio.eu/activity/7911/page/20"
"PrishtinaSKY Group L.L.C.","811486556","Prishtinë","Registered","LLC","2020","https://arbk.atlas-studio.eu/activity/7911/page/20"
"ABC Servis SH.P.K.","811128067","Gjakovë","Registered","LLC","2015","https://arbk.atlas-studio.eu/activity/7911/page/20"
"Agni Smajli B.I.","810668551","Ferizaj","Registered","Individual","2006","https://arbk.atlas-studio.eu/activity/7911/page/20"
"TRAVEL ON L.L.C.","812006965","Prishtinë","Registered","LLC","2023","https://arbk.atlas-studio.eu/activity/7911/page/20"
"TRI TRAVEL SH.P.K.","812006816","Viti","Registered","LLC","2023","https://arbk.atlas-studio.eu/activity/7911/page/20"
"GUIDE TRAVEL AGENCY SH.P.K.","811882671","Podujevë","Registered","LLC","2021","https://arbk.atlas-studio.eu/activity/7911/page/20"
"Azka Travel SH.P.K.","811882639","Mitrovicë","Registered","LLC","2021","https://arbk.atlas-studio.eu/activity/7911/page/20"
"MASTER TRAVEL SH.P.K.","811093484","Viti","Registered","LLC","2017","https://arbk.atlas-studio.eu/activity/7911/page/20"
"Jordan Travel SH.P.K.","812357186","Prishtinë","Registered","LLC","2025","https://arbk.atlas-studio.eu/activity/7911/page/20"
"MONOPOLY TRAVEL SH.P.K.","812226315","Gjilan","Registered","LLC","2024","https://arbk.atlas-studio.eu/activity/7911/page/20"
"Tripkos L.L.C.","812106624","Gjakovë","Registered","LLC","2023","https://arbk.atlas-studio.eu/activity/7911/page/20"
"Neo Fly SH.P.K.","812106559","Gjilan","Registered","LLC","2023","https://arbk.atlas-studio.eu/activity/7911/page/20"
"TRAVEL BIBA PR SH.P.K.","811896606","Pejë","Registered","LLC","2022","https://arbk.atlas-studio.eu/activity/7911/page/20"
"OMER TRAVEL 2016 L.L.C.","811992694","Prizren","Registered","LLC","2022","https://arbk.atlas-studio.eu/activity/7911/page/20"
"Soni Tours Group SH.P.K.","811992628","Vushtrri","Registered","LLC","2022","https://arbk.atlas-studio.eu/activity/7911/page/21"
"Agjensioni Turistik DAUTAJ TRAVEL SH.P.K.","810088460","Deçan","Registered","LLC","2018","https://arbk.atlas-studio.eu/activity/7911/page/21"
"Gm fast Solutions Consultancy L.L.C.","812356196","Fushë Kosovë","Registered","LLC","2025","https://arbk.atlas-studio.eu/activity/7911/page/21"
"EVARENT SH.P.K.","812356378","Fushë Kosovë","Registered","LLC","2025","https://arbk.atlas-studio.eu/activity/7911/page/21"
"Global Group ALT L.L.C.","812225739","Lipjan","Registered","LLC","2024","https://arbk.atlas-studio.eu/activity/7911/page/21"
"BIBA TRAVEL SH.P.K.","810178039","Pejë","Registered","LLC","2018","https://arbk.atlas-studio.eu/activity/7911/page/21"
"Agjensioni ARBËRIA SH.P.K.","810823113","Prishtinë","Registered","LLC","2013","https://arbk.atlas-studio.eu/activity/7911/page/21"
"Discover America SH.P.K.","810800575","Prishtinë","Registered","LLC","2009","https://arbk.atlas-studio.eu/activity/7911/page/21"
"Sokol Dema B.I.","811840992","Gjilan","Registered","Individual","2002","https://arbk.atlas-studio.eu/activity/7911/page/21"
"DIJON TOURS SH.P.K.","812119792","Pejë","Registered","LLC","2024","https://arbk.atlas-studio.eu/activity/7911/page/21"
"iFly Traveling SH.P.K.","812119990","Ferizaj","Registered","LLC","2024","https://arbk.atlas-studio.eu/activity/7911/page/21"
"TABA Travel Agency SH.P.K.","811378951","Fushë Kosovë","Registered","LLC","2019","https://arbk.atlas-studio.eu/activity/7911/page/21"
"Nese Farko B.I.","810206989","Prizren","Registered","Individual","2015","https://arbk.atlas-studio.eu/activity/7911/page/21"
"Bilall Xani B.I.","810937477","Prishtinë","Registered","Individual","2014","https://arbk.atlas-studio.eu/activity/7911/page/21"
"Victoria Tours SH.P.K.","810267262","Gjilan","Registered","LLC","2002","https://arbk.atlas-studio.eu/activity/7911/page/21"
"PLANNER AGENCY L.L.C.","811999377","Prishtinë","Registered","LLC","2022","https://arbk.atlas-studio.eu/activity/7911/page/21"
"Baki Januzi B.I.","810336736","Kamenicë","Registered","Individual","2001","https://arbk.atlas-studio.eu/activity/7911/page/21"
"Fumea Group L.L.C.","812233055","Prishtinë","Registered","LLC","2024","https://arbk.atlas-studio.eu/activity/7911/page/21"
"Urban Agency SH.P.K.","812112845","Prizren","Registered","LLC","2023","https://arbk.atlas-studio.eu/activity/7911/page/21"
"B TICKETS SH.P.K.","811998767","Lipjan","Registered","LLC","2022","https://arbk.atlas-studio.eu/activity/7911/page/21"
"EURO-TICK TRAVEL L.L.C.","810834235","Prishtinë","Registered","LLC","2013","https://arbk.atlas-studio.eu/activity/7911/page/21"
"Bedri Latifi B.I.","812363183","Mitrovicë","Registered","Individual","2025","https://arbk.atlas-studio.eu/activity/7911/page/21"
"MAYA TRAVEL SH.P.K.","812232677","Lipjan","Registered","LLC","2024","https://arbk.atlas-studio.eu/activity/7911/page/21"
"DEVA TOURS SH.P.K.","811384651","Gjakovë","Registered","LLC","2019","https://arbk.atlas-studio.eu/activity/7911/page/21"
"TRAVEL MATE SH.P.K.","810080870","Prishtinë","Registered","LLC","2017","https://arbk.atlas-studio.eu/activity/7911/page/21"
"Luljeta Zeneli B.I.","810714031","Lipjan","Registered","Individual","2008","https://arbk.atlas-studio.eu/activity/7911/page/21"
"Agjensioni Turistik BUTRINTI - I SH.P.K.","810184284","Gjilan","Registered","LLC","2018","https://arbk.atlas-studio.eu/activity/7911/page/21"
"Lowestpricevacations.com SH.P.K.","810184482","Prishtinë","Registered","LLC","2018","https://arbk.atlas-studio.eu/activity/7911/page/21"
"Irfan Murseli B.I.","810184515","Ferizaj","Registered","Individual","2018","https://arbk.atlas-studio.eu/activity/7911/page/21"
"Kosova FLY SH.P.K.","810198095","Ferizaj","Registered","LLC","2015","https://arbk.atlas-studio.eu/activity/7911/page/21"
"OLBI TRAVEL SH.P.K.","812231562","Gllogoc","Registered","LLC","2024","https://arbk.atlas-studio.eu/activity/7911/page/21"
"Euro Fly Tours SH.P.K.","812111657","Prizren","Registered","LLC","2023","https://arbk.atlas-studio.eu/activity/7911/page/21"
"DIMALI TRAVEL SHM SH.P.K.","811998105","Prishtinë","Registered","LLC","2022","https://arbk.atlas-studio.eu/activity/7911/page/21"
"SETRA BUSS SH.P.K.","810751330","Pejë","Registered","LLC","2016","https://arbk.atlas-studio.eu/activity/7911/page/21"
"EXPRESS KS TRAVEL SH.P.K.","811391507","Pejë","Registered","LLC","2020","https://arbk.atlas-studio.eu/activity/7911/page/21"
"Travel Tick SH.P.K.","811485524","Gjilan","Registered","LLC","2020","https://arbk.atlas-studio.eu/activity/7911/page/21"
"Albanian Wings SH.P.K.","810191346","Prishtinë","Registered","LLC","2019","https://arbk.atlas-studio.eu/activity/7911/page/21"
"Ilir R. Hasani B.I.","810086977","Gjilan","Registered","Individual","2018","https://arbk.atlas-studio.eu/activity/7911/page/21"
"AR TRAVEL GROUP SH.P.K.","810087404","Prishtinë","Registered","LLC","2018","https://arbk.atlas-studio.eu/activity/7911/page/21"
"Leotrim Kazazi B.I.","811145128","Gjakovë","Registered","Individual","2015","https://arbk.atlas-studio.eu/activity/7911/page/21"
"Agjencioni Turistik Trip Travel SH.P.K.","812111334","Kaçanik","Registered","LLC","2023","https://arbk.atlas-studio.eu/activity/7911/page/22"
"Travellers Point L.L.C.","812111102","Ferizaj","Registered","LLC","2023","https://arbk.atlas-studio.eu/activity/7911/page/22"
"SHKËNDIJA TRAVEL SH.P.K.","810184945","Gjilan","Registered","LLC","2018","https://arbk.atlas-studio.eu/activity/7911/page/22"
"Interstellar Travel Co. L.L.C.","812110386","Prishtinë","Registered","LLC","2023","https://arbk.atlas-studio.eu/activity/7911/page/22"
"Majlinda Elshani B.I.","811383611","Prishtinë","Registered","Individual","2019","https://arbk.atlas-studio.eu/activity/7911/page/22"
"Cufa Reisen SH.P.K.","811050442","Ferizaj","Registered","LLC","2014","https://arbk.atlas-studio.eu/activity/7911/page/22"
"Vetalgo SH.P.K.","812230689","Prishtinë","Registered","LLC","2024","https://arbk.atlas-studio.eu/activity/7911/page/22"
"ERT Consultancy L.L.C.","811490135","Vushtrri","Registered","LLC","2020","https://arbk.atlas-studio.eu/activity/7911/page/22"
"Kosova Travel SH.P.K.","810800781","Prishtinë","Registered","LLC","2009","https://arbk.atlas-studio.eu/activity/7911/page/22"
"Alfred Toplana B.I.","810312942","Klinë","Registered","Individual","2002","https://arbk.atlas-studio.eu/activity/7911/page/22"
"AIR TIKET SH.P.K.","811382910","Prishtinë","Registered","LLC","2019","https://arbk.atlas-studio.eu/activity/7911/page/22"
"Shetit com SH.P.K.","811382829","Prishtinë","Registered","LLC","2019","https://arbk.atlas-studio.eu/activity/7911/page/22"
"ANIK TRAVEL SH.P.K.","810191312","Gjilan","Registered","LLC","2018","https://arbk.atlas-studio.eu/activity/7911/page/22"
"Nenad Stojakovic B.I.","810556863","Mitrovicë Veriore","Registered","Individual","2010","https://arbk.atlas-studio.eu/activity/7911/page/22"
"DSHF GROUP SH.P.K.","812229434","Prizren","Registered","LLC","2024","https://arbk.atlas-studio.eu/activity/7911/page/22"
"Suhejla SH.P.K.","811885766","Ferizaj","Registered","LLC","2021","https://arbk.atlas-studio.eu/activity/7911/page/22"
"VOYAGERIA Travel L.L.C.","812360147","Prishtinë","Registered","LLC","2025","https://arbk.atlas-studio.eu/activity/7911/page/22"
"BLUE SKY TRAVEL SH.P.K.","811995804","Gjakovë","Registered","LLC","2022","https://arbk.atlas-studio.eu/activity/7911/page/22"
"SKY TRAVEL AGENCY L.L.C.","810872227","Prishtinë","Registered","LLC","2016","https://arbk.atlas-studio.eu/activity/7911/page/22"
"Zef Demaj B.I.","810674475","Viti","Registered","Individual","2000","https://arbk.atlas-studio.eu/activity/7911/page/22"
"VASSA D.O.O.","812359629","Shtërpcë","Registered","LLC","2025","https://arbk.atlas-studio.eu/activity/7911/page/22"
"Soulful Travels SH.P.K.","812228783","Prishtinë","Registered","LLC","2024","https://arbk.atlas-studio.eu/activity/7911/page/22"
"Travel Leaders SH.P.K.","812228692","Prishtinë","Registered","LLC","2024","https://arbk.atlas-studio.eu/activity/7911/page/22"
"KOSOVOCHANCES L.L.C.","811994731","Prishtinë","Registered","LLC","2022","https://arbk.atlas-studio.eu/activity/7911/page/22"
"RACI TRAVEL GROUP SH.P.K.","811381954","Prishtinë","Registered","LLC","2019","https://arbk.atlas-studio.eu/activity/7911/page/22"
"MALËSIA Reisen SH.P.K.","810844193","Prishtinë","Registered","LLC","2014","https://arbk.atlas-studio.eu/activity/7911/page/22"
"Trippo Travel SH.P.K.","812105783","Ferizaj","Registered","LLC","2023","https://arbk.atlas-studio.eu/activity/7911/page/22"
"FLYNOW TICKETS SH.P.K.","812105759","Prishtinë","Registered","LLC","2023","https://arbk.atlas-studio.eu/activity/7911/page/22"
"FLY FALCON SH.P.K.","811499468","Prishtinë","Registered","LLC","2021","https://arbk.atlas-studio.eu/activity/7911/page/22"
"A.T. BKS Travel O.P.","810472473","Prishtinë","Registered","Partnership","2002","https://arbk.atlas-studio.eu/activity/7911/page/22"
"TRAVELSPHERE L.L.C.","812359348","Prishtinë","Registered","LLC","2025","https://arbk.atlas-studio.eu/activity/7911/page/22"
"Prishtina Wings Travel Agency SH.P.K.","812359364","Prishtinë","Registered","LLC","2025","https://arbk.atlas-studio.eu/activity/7911/page/22"
"GM Tourism L.L.C.","812228402","Prishtinë","Registered","LLC","2024","https://arbk.atlas-studio.eu/activity/7911/page/22"
"Anno Travel Agency L.L.C.","812227545","Prishtinë","Registered","LLC","2024","https://arbk.atlas-studio.eu/activity/7911/page/22"
"Faik Veseli B.I.","811498395","Skenderaj","Registered","Individual","2021","https://arbk.atlas-studio.eu/activity/7911/page/23"
"ALBA TOURS AGENCY SH.P.K.","811390294","Mitrovicë","Registered","LLC","2020","https://arbk.atlas-studio.eu/activity/7911/page/23"
"Fatlum Mehmeti B.I.","811279141","Pejë","Registered","Individual","2014","https://arbk.atlas-studio.eu/activity/7911/page/23"
"Fly Agency SH.P.K.","812099522","Gjilan","Registered","LLC","2023","https://arbk.atlas-studio.eu/activity/7911/page/23"
"Pack&Travel SH.P.K.","811498113","Fushë Kosovë","Registered","LLC","2021","https://arbk.atlas-studio.eu/activity/7911/page/23"
"Go2fly SH.P.K.","811983990","Fushë Kosovë","Registered","LLC","2022","https://arbk.atlas-studio.eu/activity/7911/page/23"
"TOP TRAVEL SH.P.K.","811894098","Prishtinë","Registered","LLC","2022","https://arbk.atlas-studio.eu/activity/7911/page/23"
"MY TRAVEL SH.P.K.","810870619","Prishtinë","Registered","LLC","2016","https://arbk.atlas-studio.eu/activity/7911/page/23"
"Hysni Morina B.I.","810709298","Malishevë","Registered","Individual","2004","https://arbk.atlas-studio.eu/activity/7911/page/23"
"Celeina Tours L.L.C.","811983594","Prishtinë","Registered","LLC","2022","https://arbk.atlas-studio.eu/activity/7911/page/23"
"CONGRESS TRAVEL L.L.C.","810070037","Prishtinë","Registered","LLC","2017","https://arbk.atlas-studio.eu/activity/7911/page/23"
"Bexhet Selmani I.B.","811455759","Ferizaj","Registered","Individual","2011","https://arbk.atlas-studio.eu/activity/7911/page/23"
"Murat Mazreku B.I.","810709404","Malishevë","Registered","Individual","2007","https://arbk.atlas-studio.eu/activity/7911/page/23"
"Aferdita Zherka B.I.","810229072","Gjakovë","Registered","Individual","2002","https://arbk.atlas-studio.eu/activity/7911/page/23"
"Blerinë Morina B.I.","812346642","Malishevë","Registered","Individual","2025","https://arbk.atlas-studio.eu/activity/7911/page/23"
"Gate Travel SH.P.K.","812347153","Ferizaj","Registered","LLC","2025","https://arbk.atlas-studio.eu/activity/7911/page/23"
"Global Path Agency L.L.C.","812346874","Prishtinë","Registered","LLC","2025","https://arbk.atlas-studio.eu/activity/7911/page/23"
"Beyond Borders L.L.C.","812117978","Prishtinë","Registered","LLC","2024","https://arbk.atlas-studio.eu/activity/7911/page/23"
"Aventuro Travel L.L.C.","812117960","Prishtinë","Registered","LLC","2024","https://arbk.atlas-studio.eu/activity/7911/page/23"
"Kosovo Walker L.L.C.","811389221","Prishtinë","Registered","LLC","2020","https://arbk.atlas-studio.eu/activity/7911/page/23"
"AT. Saranda Travel SH.P.K.","810069874","Gjilan","Registered","LLC","2017","https://arbk.atlas-studio.eu/activity/7911/page/23"
"Balkan Natural Advanture SH.P.K.","810748288","Pejë","Registered","LLC","2015","https://arbk.atlas-studio.eu/activity/7911/page/23"
"Fatime Sylejmani B.I.","810337784","Kamenicë","Registered","Individual","2000","https://arbk.atlas-studio.eu/activity/7911/page/23"
"Faik Dragidella B.I.","810462218","Prishtinë","Registered","Individual","2000","https://arbk.atlas-studio.eu/activity/7911/page/23"
"Duo's Travel SH.P.K.","812117423","Gjilan","Registered","LLC","2024","https://arbk.atlas-studio.eu/activity/7911/page/23"
"Rinor Ramadani B.I.","811388942","Ferizaj","Registered","Individual","2020","https://arbk.atlas-studio.eu/activity/7911/page/23"
"EURO TRAVEL SH.P.K.","810188517","Pejë","Registered","LLC","2019","https://arbk.atlas-studio.eu/activity/7911/page/23"
"ITRAVEL AGENCY SH.P.K.","811185752","Gjilan","Registered","LLC","2016","https://arbk.atlas-studio.eu/activity/7911/page/23"
"Agjensioni Turistik Inter Travel Club SH.P.K.","810854184","Prishtinë","Registered","LLC","2015","https://arbk.atlas-studio.eu/activity/7911/page/23"
"Kosovare Bytyqi Ahmeti B.I.","811005637","Prizren","Registered","Individual","2015","https://arbk.atlas-studio.eu/activity/7911/page/23"
"Xplore Travel SH.P.K.","811874917","Ferizaj","Registered","LLC","2021","https://arbk.atlas-studio.eu/activity/7911/page/23"
"GASHI TRAVEL SH.P.K.","811476838","Pejë","Registered","LLC","2020","https://arbk.atlas-studio.eu/activity/7911/page/23"
"Stefan Milovanović I.B.","811476573","Graçanicë","Registered","Individual","2020","https://arbk.atlas-studio.eu/activity/7911/page/23"
"TUAR FLY SH.P.K.","811054436","Ferizaj","Registered","LLC","2016","https://arbk.atlas-studio.eu/activity/7911/page/23"
"TRAVEKS SH.P.K.","810834566","Prishtinë","Registered","LLC","2014","https://arbk.atlas-studio.eu/activity/7911/page/23"
"OnSky Travel SH.P.K.","812097229","Skenderaj","Registered","LLC","2023","https://arbk.atlas-studio.eu/activity/7911/page/23"
"Air Travel SH.P.K.","811982562","Skenderaj","Registered","LLC","2022","https://arbk.atlas-studio.eu/activity/7911/page/23"
"Agnesa Abdyli Prebreza B.I.","811496406","Fushë Kosovë","Registered","Individual","2021","https://arbk.atlas-studio.eu/activity/7911/page/23"
"TRAVEL GROUP INTERNATIONAL L.L.C.","811874727","Prishtinë","Registered","LLC","2021","https://arbk.atlas-studio.eu/activity/7911/page/24"
"Agjensioni BLEDA SH.P.K.","811387928","Ferizaj","Registered","LLC","2020","https://arbk.atlas-studio.eu/activity/7911/page/24"
"PUSHIME SH.P.K.","811475898","Prishtinë","Registered","LLC","2020","https://arbk.atlas-studio.eu/activity/7911/page/24"
"Bukurije Nikqi B.I.","810760505","Pejë","Registered","Individual","2012","https://arbk.atlas-studio.eu/activity/7911/page/24"
"Holidayline SH.P.K.","810801169","Prishtinë","Registered","LLC","2010","https://arbk.atlas-studio.eu/activity/7911/page/24"
"Shpëtim Turku B.I.","810892530","Prishtinë","Registered","Individual","2009","https://arbk.atlas-studio.eu/activity/7911/page/24"
"FLIX BUS KOSOVA SH.P.K.","810176794","Pejë","Registered","LLC","2018","https://arbk.atlas-studio.eu/activity/7911/page/24"
"A.T. EURO - FLY SH.P.K.","810075095","Pejë","Registered","LLC","2017","https://arbk.atlas-studio.eu/activity/7911/page/24"
"Sabri Deda B.I.","810441486","Podujevë","Registered","Individual","2007","https://arbk.atlas-studio.eu/activity/7911/page/24"
"YASER TURIZM L.L.C.","812354348","Prishtinë","Registered","LLC","2025","https://arbk.atlas-studio.eu/activity/7911/page/24"
"AirShqiponja SH.P.K.","812223965","Prishtinë","Registered","LLC","2024","https://arbk.atlas-studio.eu/activity/7911/page/24"
"DITURIA Reiseburo SH.P.K.","811050377","Ferizaj","Registered","LLC","2014","https://arbk.atlas-studio.eu/activity/7911/page/24"
"Aventro Travel SH.P.K.","812354041","Gjilan","Registered","LLC","2025","https://arbk.atlas-studio.eu/activity/7911/page/24"
"Arbnor Nika B.I.","810904608","Prishtinë","Registered","Individual","2010","https://arbk.atlas-studio.eu/activity/7911/page/24"
"ImmKos SH.P.K.","811181312","Gjilan","Registered","LLC","2008","https://arbk.atlas-studio.eu/activity/7911/page/24"
"Genius Travel SH.P.K.","812353407","Gjakovë","Registered","LLC","2025","https://arbk.atlas-studio.eu/activity/7911/page/24"
"AVIO TRAVEL L.L.C.","811990630","Prishtinë","Registered","LLC","2022","https://arbk.atlas-studio.eu/activity/7911/page/24"
"DREAM FLY SH.P.K.","811880500","Prishtinë","Registered","LLC","2021","https://arbk.atlas-studio.eu/activity/7911/page/24"
"Lt finance Group L.L.C.","811990094","Ferizaj","Registered","LLC","2022","https://arbk.atlas-studio.eu/activity/7911/page/24"
"Travel Time Agency SH.P.K.","812103935","Prishtinë","Registered","LLC","2023","https://arbk.atlas-studio.eu/activity/7911/page/24"
"Arbër Sm. Berisha B.I.","810073982","Gllogoc","Registered","Individual","2017","https://arbk.atlas-studio.eu/activity/7911/page/24"
"Enter Aviation L.L.C.","812222438","Ferizaj","Registered","LLC","2024","https://arbk.atlas-studio.eu/activity/7911/page/24"
"LIANA SMART AGENCY L.L.C.","811879363","Podujevë","Registered","LLC","2021","https://arbk.atlas-studio.eu/activity/7911/page/24"
"Eset Rukovci B.I.","811393173","Prishtinë","Registered","Individual","2005","https://arbk.atlas-studio.eu/activity/7911/page/24"
"Rina Podvorica Rexhepi B.I.","812116392","Prishtinë","Registered","Individual","2024","https://arbk.atlas-studio.eu/activity/7911/page/24"
"Visa Travel BGB L.L.C.","812116839","Ferizaj","Registered","LLC","2024","https://arbk.atlas-studio.eu/activity/7911/page/24"
"Premium Booking L.L.C.","812097112","Gjilan","Registered","LLC","2023","https://arbk.atlas-studio.eu/activity/7911/page/24"
"Prime Tours & Travel SH.P.K.","811982215","Prishtinë","Registered","LLC","2022","https://arbk.atlas-studio.eu/activity/7911/page/24"
"Koha Travel KT SH.P.K.","811495549","Ferizaj","Registered","LLC","2021","https://arbk.atlas-studio.eu/activity/7911/page/24"
"Jobs Connection L.L.C.","811495862","Prishtinë","Registered","LLC","2021","https://arbk.atlas-studio.eu/activity/7911/page/24"
"Demë Batusha B.I.","810246381","Gjakovë","Registered","Individual","2006","https://arbk.atlas-studio.eu/activity/7911/page/24"
"TravelUP L.L.C.","812352722","Prishtinë","Registered","LLC","2025","https://arbk.atlas-studio.eu/activity/7911/page/24"
"Travel with Point SH.P.K.","812222058","Ferizaj","Registered","LLC","2024","https://arbk.atlas-studio.eu/activity/7911/page/24"
"Time to Travel L.L.C.","812103175","Prishtinë","Registered","LLC","2023","https://arbk.atlas-studio.eu/activity/7911/page/24"
"IDA TRAVEL SH.P.K.","810975419","Prizren","Registered","LLC","2016","https://arbk.atlas-studio.eu/activity/7911/page/24"
"Selim Halilaj B.I.","810244856","Gjakovë","Registered","Individual","2007","https://arbk.atlas-studio.eu/activity/7911/page/24"
"Amanet Tours L.L.C.","812221183","Prishtinë","Registered","LLC","2024","https://arbk.atlas-studio.eu/activity/7911/page/24"
"Hamidije Çoçaj B.I.","812102606","Prizren","Registered","Individual","2023","https://arbk.atlas-studio.eu/activity/7911/page/24"
"MyBus SH.P.K.","811879040","Gjilan","Registered","LLC","2021","https://arbk.atlas-studio.eu/activity/7911/page/24"
"Pro Travel SH.P.K.","811878399","Rahovec","Registered","LLC","2021","https://arbk.atlas-studio.eu/activity/7911/page/24"
"Agjensia E Udhëtimeve DUATOURIST SH.P.K.","810973710","Prizren","Registered","LLC","2015","https://arbk.atlas-studio.eu/activity/7911/page/24"
"EXPRESS FLY SH.P.K.","812350924","Fushë Kosovë","Registered","LLC","2025","https://arbk.atlas-studio.eu/activity/7911/page/24"
"La Luna Travel SH.P.K.","811987405","Gjilan","Registered","LLC","2022","https://arbk.atlas-studio.eu/activity/7911/page/25"
"Donat Kajtazi B.I.","810074021","Gjilan","Registered","Individual","2017","https://arbk.atlas-studio.eu/activity/7911/page/25"
"Mursel Ibrahimi I.P.","811324186","Gjilan","Registered","Individual","2011","https://arbk.atlas-studio.eu/activity/7911/page/25"
"FluturoLire L.L.C.","812101236","Prishtinë","Registered","LLC","2023","https://arbk.atlas-studio.eu/activity/7911/page/25"
"ALTAVIA TRAVEL SH.P.K.","810463232","Prishtinë","Registered","LLC","2000","https://arbk.atlas-studio.eu/activity/7911/page/25"
"Vendlindja Travel SH.P.K.","812218784","Skenderaj","Registered","LLC","2024","https://arbk.atlas-studio.eu/activity/7911/page/25"
"Salma Tourism SH.P.K.","812349406","Prishtinë","Registered","LLC","2025","https://arbk.atlas-studio.eu/activity/7911/page/25"
"Betim Braha B.I.","812001593","Prizren","Registered","Individual","2023","https://arbk.atlas-studio.eu/activity/7911/page/25"
"Shqipdona Kalludra Hoti B.I.","811981928","Fushë Kosovë","Registered","Individual","2022","https://arbk.atlas-studio.eu/activity/7911/page/25"
"WAY UMRAH L.L.C.","811891383","Prishtinë","Registered","LLC","2022","https://arbk.atlas-studio.eu/activity/7911/page/25"
"OMEGA TOURS L.L.C.","810068321","Prizren","Registered","LLC","2017","https://arbk.atlas-studio.eu/activity/7911/page/25"
"Mirko Todorovic B.I.","810905507","Graçanicë","Registered","Individual","2011","https://arbk.atlas-studio.eu/activity/7911/page/25"
"GJAFA TRAVEL SH.P.K.","812217596","Klinë","Registered","LLC","2024","https://arbk.atlas-studio.eu/activity/7911/page/25"
"Nord Freeride L.L.C.","811985392","Prishtinë","Registered","LLC","2022","https://arbk.atlas-studio.eu/activity/7911/page/25"
"Ilir N. Beqiri B.I.","811876682","Prishtinë","Registered","Individual","2021","https://arbk.atlas-studio.eu/activity/7911/page/25"
"ATLANTIS L.L.C.","810854415","Prishtinë","Registered","LLC","2015","https://arbk.atlas-studio.eu/activity/7911/page/25"
"Lulzim Gjocaj B.I.","810755390","Pejë","Registered","Individual","2009","https://arbk.atlas-studio.eu/activity/7911/page/25"
"Turismo Travel L.L.C.","812001204","Prishtinë","Registered","LLC","2023","https://arbk.atlas-studio.eu/activity/7911/page/25"
"KOSOVA - TOURS SH.P.K.","811093468","Viti","Registered","LLC","2017","https://arbk.atlas-studio.eu/activity/7911/page/25"
"Nordiko Travel L.L.C.","812088674","Prishtinë","Registered","LLC","2023","https://arbk.atlas-studio.eu/activity/7911/page/25"
"Rio Travel L.L.C.","811464130","Prishtinë","Registered","LLC","2020","https://arbk.atlas-studio.eu/activity/7911/page/25"
"ISTANBUL TURIZM L.L.C.","810864935","Prishtinë","Registered","LLC","2014","https://arbk.atlas-studio.eu/activity/7911/page/25"
"Luljeta Krasniqi B.I.","810579724","Prizren","Registered","Individual","2000","https://arbk.atlas-studio.eu/activity/7911/page/25"
"Agjensioni Turistik Flaka SH.P.K.","812336536","Gjilan","Registered","LLC","2025","https://arbk.atlas-studio.eu/activity/7911/page/25"
"ARNISI GROUP O.P.","810197782","Klinë","Registered","Partnership","2015","https://arbk.atlas-studio.eu/activity/7911/page/25"
"Agim Xhemaili B.I.","811341932","Prishtinë","Registered","Individual","2000","https://arbk.atlas-studio.eu/activity/7911/page/26"
"Fexhrije Syla B.I.","812335463","Prishtinë","Registered","Individual","2025","https://arbk.atlas-studio.eu/activity/7911/page/26"
"Albasky L.L.C.","812087890","Prishtinë","Registered","LLC","2023","https://arbk.atlas-studio.eu/activity/7911/page/26"
"KOMPANIA AJRORE DREAMREISEN SH.P.K.","811974642","Lipjan","Registered","LLC","2022","https://arbk.atlas-studio.eu/activity/7911/page/26"
"AIRVOYAGE SH.P.K.","811462762","Prishtinë","Registered","LLC","2020","https://arbk.atlas-studio.eu/activity/7911/page/26"
"Adriatic24.ks SH.P.K.","810065252","Prishtinë","Registered","LLC","2017","https://arbk.atlas-studio.eu/activity/7911/page/26"
"Veneta Travel SH.P.K.","810811788","Prishtinë","Registered","LLC","2011","https://arbk.atlas-studio.eu/activity/7911/page/26"
"MONGA L.L.C.","811973347","Gjilan","Registered","LLC","2022","https://arbk.atlas-studio.eu/activity/7911/page/26"
"Albris Krasniqi B.I.","811973610","Dragash","Registered","Individual","2022","https://arbk.atlas-studio.eu/activity/7911/page/26"
"Rifadije Arifi B.I.","811200758","Gjilan","Registered","Individual","2011","https://arbk.atlas-studio.eu/activity/7911/page/26"
"Nexhat Ramadani B.I.","810643785","Ferizaj","Registered","Individual","2000","https://arbk.atlas-studio.eu/activity/7911/page/26"
"Mo'ath Darweesh B.I.","812345339","Prishtinë","Registered","Individual","2025","https://arbk.atlas-studio.eu/activity/7911/page/26"
"PrishtinaSky Holiday L.L.C.","812345157","Prishtinë","Registered","LLC","2025","https://arbk.atlas-studio.eu/activity/7911/page/26"
"Balkan Travel Group SH.P.K.","812345082","Mitrovicë","Registered","LLC","2025","https://arbk.atlas-studio.eu/activity/7911/page/26"
"Ardo Agency SH.P.K.","812214576","Prishtinë","Registered","LLC","2024","https://arbk.atlas-studio.eu/activity/7911/page/26"
"BudgetTravelingKS SH.P.K.","812214443","Fushë Kosovë","Registered","LLC","2024","https://arbk.atlas-studio.eu/activity/7911/page/26"
"Supercool SH.P.K.","812096130","Prishtinë","Registered","LLC","2023","https://arbk.atlas-studio.eu/activity/7911/page/26"
"Jeton Sahiti B.I.","810668361","Ferizaj","Registered","Individual","2006","https://arbk.atlas-studio.eu/activity/7911/page/26"
"Qazim Emini B.I.","810288531","Dragash","Registered","Individual","2003","https://arbk.atlas-studio.eu/activity/7911/page/26"
"AMALFI SH.P.K.","812095752","Prishtinë","Registered","LLC","2023","https://arbk.atlas-studio.eu/activity/7911/page/26"
"Granit Alaj B.I.","811366500","Deçan","Registered","Individual","2019","https://arbk.atlas-studio.eu/activity/7911/page/26"
"TEO TRAVEL SH.P.K.","810169682","Klinë","Registered","LLC","2018","https://arbk.atlas-studio.eu/activity/7911/page/26"
"VJOLA FLY & TRAVEL SH.P.K.","810169707","Prishtinë","Registered","LLC","2018","https://arbk.atlas-studio.eu/activity/7911/page/26"
"WhereNext L.L.C.","812344406","Prishtinë","Registered","LLC","2025","https://arbk.atlas-studio.eu/activity/7911/page/26"
"AZ ONLINE SH.P.K.","812212364","Malishevë","Registered","LLC","2024","https://arbk.atlas-studio.eu/activity/7911/page/26"
"Qefsere Tafa Berisha B.I.","812212976","Viti","Registered","Individual","2024","https://arbk.atlas-studio.eu/activity/7911/page/26"
"Eshrefe Halili B.I.","811365495","Gjilan","Registered","Individual","2019","https://arbk.atlas-studio.eu/activity/7911/page/26"
"Pranvera Travel Agency SH.P.K.","812094936","Pejë","Registered","LLC","2023","https://arbk.atlas-studio.eu/activity/7911/page/26"
"AVENTORIA AGENCY SH.P.K.","810067729","Prishtinë","Registered","LLC","2017","https://arbk.atlas-studio.eu/activity/7911/page/26"
"VIP TRAVEL SH.P.K.","810200105","Prishtinë","Registered","LLC","2016","https://arbk.atlas-studio.eu/activity/7911/page/26"
"Top Travel Group L.L.C.","812212166","Prishtinë","Registered","LLC","2024","https://arbk.atlas-studio.eu/activity/7911/page/26"
"Visit in Kosovo Racaj SH.P.K.","812212140","Prishtinë","Registered","LLC","2024","https://arbk.atlas-studio.eu/activity/7911/page/26"
"Arizona Baxhaku B.I.","810925935","Prishtinë","Registered","Individual","2012","https://arbk.atlas-studio.eu/activity/7911/page/27"
"AURAX & CO SH.P.K.","812211324","Skenderaj","Registered","LLC","2024","https://arbk.atlas-studio.eu/activity/7911/page/27"
"Dafina Haxhishabani B.I.","810065658","Gjakovë","Registered","Individual","2017","https://arbk.atlas-studio.eu/activity/7911/page/27"
"Mare Travel SH.P.K.","812211217","Suharekë","Registered","LLC","2024","https://arbk.atlas-studio.eu/activity/7911/page/27"
"Reis Buro Sion 1 SH.P.K.","810549339","Mitrovicë","Registered","LLC","2013","https://arbk.atlas-studio.eu/activity/7911/page/27"
"BunaTravel KS SH.P.K.","812334861","Skenderaj","Registered","LLC","2025","https://arbk.atlas-studio.eu/activity/7911/page/27"
"Ismail Rashiti B.I.","810261404","Gjilan","Registered","Individual","2000","https://arbk.atlas-studio.eu/activity/7911/page/27"
"Duos Travel Agency SH.P.K.","812341395","Ferizaj","Registered","LLC","2025","https://arbk.atlas-studio.eu/activity/7911/page/27"
"Xhevahire B. Bajrami B.I.","811362326","Shtime","Registered","Individual","2019","https://arbk.atlas-studio.eu/activity/7911/page/27"
"Kosova Airways.com SH.P.K.","810853417","Prishtinë","Registered","LLC","2015","https://arbk.atlas-studio.eu/activity/7911/page/27"
"AIR MARIGONA SH.P.K.","811159921","Graçanicë","Registered","LLC","2015","https://arbk.atlas-studio.eu/activity/7911/page/27"
"Artir Osmani B.I.","811200956","Gjilan","Registered","Individual","2011","https://arbk.atlas-studio.eu/activity/7911/page/27"
"Lulzim Veseli B.I.","811016262","Skenderaj","Registered","Individual","2009","https://arbk.atlas-studio.eu/activity/7911/page/27"
"Agjencia Turistike ''Ballkani'' SH.P.K.","812340933","Fushë Kosovë","Registered","LLC","2025","https://arbk.atlas-studio.eu/activity/7911/page/27"
"PRO WAY TRAVEL L.L.C.","811870832","Prishtinë","Registered","LLC","2021","https://arbk.atlas-studio.eu/activity/7911/page/27"
"FLY ANGEL SH.P.K.","811870270","Lipjan","Registered","LLC","2021","https://arbk.atlas-studio.eu/activity/7911/page/27"
"Pranvera Tours F.M.N. SH.P.K.","812210219","Pejë","Registered","LLC","2024","https://arbk.atlas-studio.eu/activity/7911/page/27"
"Vali Travel SH.P.K.","811977232","Prizren","Registered","LLC","2022","https://arbk.atlas-studio.eu/activity/7911/page/27"
"ARBESA - AIR SH.P.K.","810166208","Ferizaj","Registered","LLC","2018","https://arbk.atlas-studio.eu/activity/7911/page/27"
"ARINORA SH.P.K.","810166266","Prishtinë","Registered","LLC","2018","https://arbk.atlas-studio.eu/activity/7911/page/27"
"JARA TRAVEL SH.P.K.","810064915","Prishtinë","Registered","LLC","2017","https://arbk.atlas-studio.eu/activity/7911/page/27"
"Fehmi Llausha B.I.","811282897","Vushtrri","Registered","Individual","2013","https://arbk.atlas-studio.eu/activity/7911/page/27"
"Quality Holidays SH.P.K.","812090570","Ferizaj","Registered","LLC","2023","https://arbk.atlas-studio.eu/activity/7911/page/27"
"Rinora Hoti B.I.","811360057","Malishevë","Registered","Individual","2019","https://arbk.atlas-studio.eu/activity/7911/page/27"
"Xhafer Shantir B.I.","810064113","Prizren","Registered","Individual","2017","https://arbk.atlas-studio.eu/activity/7911/page/27"
"Gjergj Duhanaj B.I.","811249053","Klinë","Registered","Individual","2014","https://arbk.atlas-studio.eu/activity/7911/page/27"
"Gëzim Bujari B.I.","811036509","Suharekë","Registered","Individual","2009","https://arbk.atlas-studio.eu/activity/7911/page/27"
"Hea Travel SH.P.K.","812338863","Gjilan","Registered","LLC","2025","https://arbk.atlas-studio.eu/activity/7911/page/27"
"Kosovo Gate Tourism L.L.C.","812338251","Fushë Kosovë","Registered","LLC","2025","https://arbk.atlas-studio.eu/activity/7911/page/27"
"Medcare Health Consulting SH.P.K.","811465295","Ferizaj","Registered","LLC","2020","https://arbk.atlas-studio.eu/activity/7911/page/27"
"Zarife Ramushi B.I.","811976169","Gjilan","Registered","Individual","2022","https://arbk.atlas-studio.eu/activity/7911/page/27"
"ViaTravelprn L.L.C.","812334639","Prishtinë","Registered","LLC","2025","https://arbk.atlas-studio.eu/activity/7911/page/27"
"Sheremeti Tours D.SH. SH.P.K.","812203719","Pejë","Registered","LLC","2024","https://arbk.atlas-studio.eu/activity/7911/page/27"
"Nova Travel SH.P.K.","812208165","Gjilan","Registered","LLC","2024","https://arbk.atlas-studio.eu/activity/7911/page/28"
"Lendita Haziri B.I.","810925422","Prishtinë","Registered","Individual","2012","https://arbk.atlas-studio.eu/activity/7911/page/28"
"TRUVIA TRAVEL SH.P.K.","812337469","Prishtinë","Registered","LLC","2025","https://arbk.atlas-studio.eu/activity/7911/page/28"
"Faton Kamberi B.I.","811074294","Ferizaj","Registered","Individual","2012","https://arbk.atlas-studio.eu/activity/7911/page/28"
"AMK INTERNATIONAL O.P.","810469694","Prishtinë","Registered","Partnership","2001","https://arbk.atlas-studio.eu/activity/7911/page/28"
